card_id,rank_corpus,verbo,verbo_base,tiempo_id,tiempo,regularidad_tarjeta,terminacion,pronominal,patrones_tarjeta,aplicable,yo,tu,el_ella_usted,nosotros,ellos_ellas_ustedes,nota
ser__presente_indicativo,1,ser,ser,presente_indicativo,Presente,irregular,er,no,muy irregular,sí,soy,eres,es,somos,son,
ser__preterito,1,ser,ser,preterito,Pretérito,irregular,er,no,muy irregular,sí,fui,fuiste,fue,fuimos,fueron,
ser__imperfecto,1,ser,ser,imperfecto,Imperfecto,irregular,er,no,muy irregular,sí,era,eras,era,éramos,eran,
ser__futuro,1,ser,ser,futuro,Futuro,regular,er,no,regular,sí,seré,serás,será,seremos,serán,
ser__condicional,1,ser,ser,condicional,Condicional,regular,er,no,regular,sí,sería,serías,sería,seríamos,serían,
ser__presente_subjuntivo,1,ser,ser,presente_subjuntivo,Presente de subjuntivo,irregular,er,no,muy irregular,sí,sea,seas,sea,seamos,sean,
ser__imperfecto_subjuntivo,1,ser,ser,imperfecto_subjuntivo,Imperfecto de subjuntivo,irregular,er,no,muy irregular,sí,fuera,fueras,fuera,fuéramos,fueran,
ser__imperativo,1,ser,ser,imperativo,Imperativo,irregular,er,no,muy irregular,sí,,sé / no seas,sea / no sea,seamos / no seamos,sean / no sean,
decir__presente_indicativo,2,decir,decir,presente_indicativo,Presente,irregular,ir,no,muy irregular,sí,digo,dices,dice,decimos,dicen,
decir__preterito,2,decir,decir,preterito,Pretérito,irregular,ir,no,raíz en j,sí,dije,dijiste,dijo,dijimos,dijeron,
decir__imperfecto,2,decir,decir,imperfecto,Imperfecto,regular,ir,no,regular,sí,decía,decías,decía,decíamos,decían,
decir__futuro,2,decir,decir,futuro,Futuro,irregular,ir,no,raíz irregular,sí,diré,dirás,dirá,diremos,dirán,
decir__condicional,2,decir,decir,condicional,Condicional,irregular,ir,no,raíz irregular,sí,diría,dirías,diría,diríamos,dirían,
decir__presente_subjuntivo,2,decir,decir,presente_subjuntivo,Presente de subjuntivo,irregular,ir,no,yo irregular,sí,diga,digas,diga,digamos,digan,
decir__imperfecto_subjuntivo,2,decir,decir,imperfecto_subjuntivo,Imperfecto de subjuntivo,irregular,ir,no,raíz en j,sí,dijera,dijeras,dijera,dijéramos,dijeran,
decir__imperativo,2,decir,decir,imperativo,Imperativo,irregular,ir,no,muy irregular,sí,,di / no digas,diga / no diga,digamos / no digamos,digan / no digan,
estar__presente_indicativo,3,estar,estar,presente_indicativo,Presente,irregular,ar,no,muy irregular,sí,estoy,estás,está,estamos,están,
estar__preterito,3,estar,estar,preterito,Pretérito,irregular,ar,no,raíz irregular,sí,estuve,estuviste,estuvo,estuvimos,estuvieron,
estar__imperfecto,3,estar,estar,imperfecto,Imperfecto,regular,ar,no,regular,sí,estaba,estabas,estaba,estábamos,estaban,
estar__futuro,3,estar,estar,futuro,Futuro,regular,ar,no,regular,sí,estaré,estarás,estará,estaremos,estarán,
estar__condicional,3,estar,estar,condicional,Condicional,regular,ar,no,regular,sí,estaría,estarías,estaría,estaríamos,estarían,
estar__presente_subjuntivo,3,estar,estar,presente_subjuntivo,Presente de subjuntivo,irregular,ar,no,muy irregular,sí,esté,estés,esté,estemos,estén,
estar__imperfecto_subjuntivo,3,estar,estar,imperfecto_subjuntivo,Imperfecto de subjuntivo,irregular,ar,no,raíz irregular,sí,estuviera,estuvieras,estuviera,estuviéramos,estuvieran,
estar__imperativo,3,estar,estar,imperativo,Imperativo,irregular,ar,no,muy irregular,sí,,está / no estés,esté / no esté,estemos / no estemos,estén / no estén,
ir__presente_indicativo,4,ir,ir,presente_indicativo,Presente,irregular,ir,no,muy irregular,sí,voy,vas,va,vamos,van,
ir__preterito,4,ir,ir,preterito,Pretérito,irregular,ir,no,muy irregular,sí,fui,fuiste,fue,fuimos,fueron,
ir__imperfecto,4,ir,ir,imperfecto,Imperfecto,irregular,ir,no,muy irregular,sí,iba,ibas,iba,íbamos,iban,
ir__futuro,4,ir,ir,futuro,Futuro,regular,ir,no,regular,sí,iré,irás,irá,iremos,irán,
ir__condicional,4,ir,ir,condicional,Condicional,regular,ir,no,regular,sí,iría,irías,iría,iríamos,irían,
ir__presente_subjuntivo,4,ir,ir,presente_subjuntivo,Presente de subjuntivo,irregular,ir,no,muy irregular,sí,vaya,vayas,vaya,vayamos,vayan,
ir__imperfecto_subjuntivo,4,ir,ir,imperfecto_subjuntivo,Imperfecto de subjuntivo,irregular,ir,no,muy irregular,sí,fuera,fueras,fuera,fuéramos,fueran,
ir__imperativo,4,ir,ir,imperativo,Imperativo,irregular,ir,no,muy irregular,sí,,ve / no vayas,vaya / no vaya,vayamos / no vayamos,vayan / no vayan,
tener__presente_indicativo,5,tener,tener,presente_indicativo,Presente,irregular,er,no,muy irregular,sí,tengo,tienes,tiene,tenemos,tienen,
tener__preterito,5,tener,tener,preterito,Pretérito,irregular,er,no,raíz irregular,sí,tuve,tuviste,tuvo,tuvimos,tuvieron,
tener__imperfecto,5,tener,tener,imperfecto,Imperfecto,regular,er,no,regular,sí,tenía,tenías,tenía,teníamos,tenían,
tener__futuro,5,tener,tener,futuro,Futuro,irregular,er,no,raíz irregular,sí,tendré,tendrás,tendrá,tendremos,tendrán,
tener__condicional,5,tener,tener,condicional,Condicional,irregular,er,no,raíz irregular,sí,tendría,tendrías,tendría,tendríamos,tendrían,
tener__presente_subjuntivo,5,tener,tener,presente_subjuntivo,Presente de subjuntivo,irregular,er,no,yo irregular,sí,tenga,tengas,tenga,tengamos,tengan,
tener__imperfecto_subjuntivo,5,tener,tener,imperfecto_subjuntivo,Imperfecto de subjuntivo,irregular,er,no,raíz irregular,sí,tuviera,tuvieras,tuviera,tuviéramos,tuvieran,
tener__imperativo,5,tener,tener,imperativo,Imperativo,irregular,er,no,muy irregular,sí,,ten / no tengas,tenga / no tenga,tengamos / no tengamos,tengan / no tengan,
haber__presente_indicativo,6,haber,haber,presente_indicativo,Presente,irregular,er,no,muy irregular,sí,he,has,ha,hemos,han,
haber__preterito,6,haber,haber,preterito,Pretérito,irregular,er,no,raíz irregular,sí,hube,hubiste,hubo,hubimos,hubieron,
haber__imperfecto,6,haber,haber,imperfecto,Imperfecto,regular,er,no,regular,sí,había,habías,había,habíamos,habían,
haber__futuro,6,haber,haber,futuro,Futuro,irregular,er,no,raíz irregular,sí,habré,habrás,habrá,habremos,habrán,
haber__condicional,6,haber,haber,condicional,Condicional,irregular,er,no,raíz irregular,sí,habría,habrías,habría,habríamos,habrían,
haber__presente_subjuntivo,6,haber,haber,presente_subjuntivo,Presente de subjuntivo,irregular,er,no,muy irregular,sí,haya,hayas,haya,hayamos,hayan,
haber__imperfecto_subjuntivo,6,haber,haber,imperfecto_subjuntivo,Imperfecto de subjuntivo,irregular,er,no,raíz irregular,sí,hubiera,hubieras,hubiera,hubiéramos,hubieran,
haber__imperativo,6,haber,haber,imperativo,Imperativo,irregular,er,no,no aplicable,no,,,,,,El imperativo de haber es raro/marginal; tarjeta no aplicable.
ver__presente_indicativo,7,ver,ver,presente_indicativo,Presente,irregular,er,no,yo irregular,sí,veo,ves,ve,vemos,ven,
ver__preterito,7,ver,ver,preterito,Pretérito,irregular,er,no,muy irregular,sí,vi,viste,vio,vimos,vieron,
ver__imperfecto,7,ver,ver,imperfecto,Imperfecto,irregular,er,no,muy irregular,sí,veía,veías,veía,veíamos,veían,
ver__futuro,7,ver,ver,futuro,Futuro,regular,er,no,regular,sí,veré,verás,verá,veremos,verán,
ver__condicional,7,ver,ver,condicional,Condicional,regular,er,no,regular,sí,vería,verías,vería,veríamos,verían,
ver__presente_subjuntivo,7,ver,ver,presente_subjuntivo,Presente de subjuntivo,irregular,er,no,yo irregular,sí,vea,veas,vea,veamos,vean,
ver__imperfecto_subjuntivo,7,ver,ver,imperfecto_subjuntivo,Imperfecto de subjuntivo,irregular,er,no,muy irregular,sí,viera,vieras,viera,viéramos,vieran,
ver__imperativo,7,ver,ver,imperativo,Imperativo,irregular,er,no,muy irregular,sí,,ve / no veas,vea / no vea,veamos / no veamos,vean / no vean,
saber__presente_indicativo,8,saber,saber,presente_indicativo,Presente,irregular,er,no,yo irregular,sí,sé,sabes,sabe,sabemos,saben,
saber__preterito,8,saber,saber,preterito,Pretérito,irregular,er,no,raíz irregular,sí,supe,supiste,supo,supimos,supieron,
saber__imperfecto,8,saber,saber,imperfecto,Imperfecto,regular,er,no,regular,sí,sabía,sabías,sabía,sabíamos,sabían,
saber__futuro,8,saber,saber,futuro,Futuro,irregular,er,no,raíz irregular,sí,sabré,sabrás,sabrá,sabremos,sabrán,
saber__condicional,8,saber,saber,condicional,Condicional,irregular,er,no,raíz irregular,sí,sabría,sabrías,sabría,sabríamos,sabrían,
saber__presente_subjuntivo,8,saber,saber,presente_subjuntivo,Presente de subjuntivo,irregular,er,no,muy irregular,sí,sepa,sepas,sepa,sepamos,sepan,
saber__imperfecto_subjuntivo,8,saber,saber,imperfecto_subjuntivo,Imperfecto de subjuntivo,irregular,er,no,raíz irregular,sí,supiera,supieras,supiera,supiéramos,supieran,
saber__imperativo,8,saber,saber,imperativo,Imperativo,irregular,er,no,muy irregular,sí,,sabe / no sepas,sepa / no sepa,sepamos / no sepamos,sepan / no sepan,
hacer__presente_indicativo,9,hacer,hacer,presente_indicativo,Presente,irregular,er,no,yo→-go,sí,hago,haces,hace,hacemos,hacen,
hacer__preterito,9,hacer,hacer,preterito,Pretérito,irregular,er,no,raíz irregular,sí,hice,hiciste,hizo,hicimos,hicieron,
hacer__imperfecto,9,hacer,hacer,imperfecto,Imperfecto,regular,er,no,regular,sí,hacía,hacías,hacía,hacíamos,hacían,
hacer__futuro,9,hacer,hacer,futuro,Futuro,irregular,er,no,raíz irregular,sí,haré,harás,hará,haremos,harán,
hacer__condicional,9,hacer,hacer,condicional,Condicional,irregular,er,no,raíz irregular,sí,haría,harías,haría,haríamos,harían,
hacer__presente_subjuntivo,9,hacer,hacer,presente_subjuntivo,Presente de subjuntivo,irregular,er,no,yo irregular,sí,haga,hagas,haga,hagamos,hagan,
hacer__imperfecto_subjuntivo,9,hacer,hacer,imperfecto_subjuntivo,Imperfecto de subjuntivo,irregular,er,no,raíz irregular,sí,hiciera,hicieras,hiciera,hiciéramos,hicieran,
hacer__imperativo,9,hacer,hacer,imperativo,Imperativo,irregular,er,no,muy irregular,sí,,haz / no hagas,haga / no haga,hagamos / no hagamos,hagan / no hagan,
querer__presente_indicativo,10,querer,querer,presente_indicativo,Presente,irregular,er,no,e→ie,sí,quiero,quieres,quiere,queremos,quieren,
querer__preterito,10,querer,querer,preterito,Pretérito,irregular,er,no,raíz irregular,sí,quise,quisiste,quiso,quisimos,quisieron,
querer__imperfecto,10,querer,querer,imperfecto,Imperfecto,regular,er,no,regular,sí,quería,querías,quería,queríamos,querían,
querer__futuro,10,querer,querer,futuro,Futuro,irregular,er,no,raíz irregular,sí,querré,querrás,querrá,querremos,querrán,
querer__condicional,10,querer,querer,condicional,Condicional,irregular,er,no,raíz irregular,sí,querría,querrías,querría,querríamos,querrían,
querer__presente_subjuntivo,10,querer,querer,presente_subjuntivo,Presente de subjuntivo,irregular,er,no,e→ie,sí,quiera,quieras,quiera,queramos,quieran,
querer__imperfecto_subjuntivo,10,querer,querer,imperfecto_subjuntivo,Imperfecto de subjuntivo,irregular,er,no,raíz irregular,sí,quisiera,quisieras,quisiera,quisiéramos,quisieran,
querer__imperativo,10,querer,querer,imperativo,Imperativo,irregular,er,no,e→ie,sí,,quiere / no quieras,quiera / no quiera,queramos / no queramos,quieran / no quieran,
dar__presente_indicativo,11,dar,dar,presente_indicativo,Presente,irregular,ar,no,yo irregular,sí,doy,das,da,damos,dan,
dar__preterito,11,dar,dar,preterito,Pretérito,irregular,ar,no,muy irregular,sí,di,diste,dio,dimos,dieron,
dar__imperfecto,11,dar,dar,imperfecto,Imperfecto,regular,ar,no,regular,sí,daba,dabas,daba,dábamos,daban,
dar__futuro,11,dar,dar,futuro,Futuro,regular,ar,no,regular,sí,daré,darás,dará,daremos,darán,
dar__condicional,11,dar,dar,condicional,Condicional,regular,ar,no,regular,sí,daría,darías,daría,daríamos,darían,
dar__presente_subjuntivo,11,dar,dar,presente_subjuntivo,Presente de subjuntivo,irregular,ar,no,muy irregular,sí,dé,des,dé,demos,den,
dar__imperfecto_subjuntivo,11,dar,dar,imperfecto_subjuntivo,Imperfecto de subjuntivo,irregular,ar,no,muy irregular,sí,diera,dieras,diera,diéramos,dieran,
dar__imperativo,11,dar,dar,imperativo,Imperativo,irregular,ar,no,muy irregular,sí,,da / no des,dé / no dé,demos / no demos,den / no den,
creer__presente_indicativo,12,creer,creer,presente_indicativo,Presente,regular,er,no,regular,sí,creo,crees,cree,creemos,creen,
creer__preterito,12,creer,creer,preterito,Pretérito,irregular,er,no,i→y,sí,creí,creíste,creyó,creímos,creyeron,
creer__imperfecto,12,creer,creer,imperfecto,Imperfecto,regular,er,no,regular,sí,creía,creías,creía,creíamos,creían,
creer__futuro,12,creer,creer,futuro,Futuro,regular,er,no,regular,sí,creeré,creerás,creerá,creeremos,creerán,
creer__condicional,12,creer,creer,condicional,Condicional,regular,er,no,regular,sí,creería,creerías,creería,creeríamos,creerían,
creer__presente_subjuntivo,12,creer,creer,presente_subjuntivo,Presente de subjuntivo,regular,er,no,regular,sí,crea,creas,crea,creamos,crean,
creer__imperfecto_subjuntivo,12,creer,creer,imperfecto_subjuntivo,Imperfecto de subjuntivo,irregular,er,no,i→y,sí,creyera,creyeras,creyera,creyéramos,creyeran,
creer__imperativo,12,creer,creer,imperativo,Imperativo,regular,er,no,regular,sí,,cree / no creas,crea / no crea,creamos / no creamos,crean / no crean,
poder__presente_indicativo,13,poder,poder,presente_indicativo,Presente,irregular,er,no,o→ue,sí,puedo,puedes,puede,podemos,pueden,
poder__preterito,13,poder,poder,preterito,Pretérito,irregular,er,no,raíz irregular,sí,pude,pudiste,pudo,pudimos,pudieron,
poder__imperfecto,13,poder,poder,imperfecto,Imperfecto,regular,er,no,regular,sí,podía,podías,podía,podíamos,podían,
poder__futuro,13,poder,poder,futuro,Futuro,irregular,er,no,raíz irregular,sí,podré,podrás,podrá,podremos,podrán,
poder__condicional,13,poder,poder,condicional,Condicional,irregular,er,no,raíz irregular,sí,podría,podrías,podría,podríamos,podrían,
poder__presente_subjuntivo,13,poder,poder,presente_subjuntivo,Presente de subjuntivo,irregular,er,no,o→ue,sí,pueda,puedas,pueda,podamos,puedan,
poder__imperfecto_subjuntivo,13,poder,poder,imperfecto_subjuntivo,Imperfecto de subjuntivo,irregular,er,no,raíz irregular,sí,pudiera,pudieras,pudiera,pudiéramos,pudieran,
poder__imperativo,13,poder,poder,imperativo,Imperativo,irregular,er,no,o→ue,sí,,puede / no puedas,pueda / no pueda,podamos / no podamos,puedan / no puedan,
pasar__presente_indicativo,14,pasar,pasar,presente_indicativo,Presente,regular,ar,no,regular,sí,paso,pasas,pasa,pasamos,pasan,
pasar__preterito,14,pasar,pasar,preterito,Pretérito,regular,ar,no,regular,sí,pasé,pasaste,pasó,pasamos,pasaron,
pasar__imperfecto,14,pasar,pasar,imperfecto,Imperfecto,regular,ar,no,regular,sí,pasaba,pasabas,pasaba,pasábamos,pasaban,
pasar__futuro,14,pasar,pasar,futuro,Futuro,regular,ar,no,regular,sí,pasaré,pasarás,pasará,pasaremos,pasarán,
pasar__condicional,14,pasar,pasar,condicional,Condicional,regular,ar,no,regular,sí,pasaría,pasarías,pasaría,pasaríamos,pasarían,
pasar__presente_subjuntivo,14,pasar,pasar,presente_subjuntivo,Presente de subjuntivo,regular,ar,no,regular,sí,pase,pases,pase,pasemos,pasen,
pasar__imperfecto_subjuntivo,14,pasar,pasar,imperfecto_subjuntivo,Imperfecto de subjuntivo,regular,ar,no,regular,sí,pasara,pasaras,pasara,pasáramos,pasaran,
pasar__imperativo,14,pasar,pasar,imperativo,Imperativo,regular,ar,no,regular,sí,,pasa / no pases,pase / no pase,pasemos / no pasemos,pasen / no pasen,
venir__presente_indicativo,15,venir,venir,presente_indicativo,Presente,irregular,ir,no,muy irregular,sí,vengo,vienes,viene,venimos,vienen,
venir__preterito,15,venir,venir,preterito,Pretérito,irregular,ir,no,raíz irregular,sí,vine,viniste,vino,vinimos,vinieron,
venir__imperfecto,15,venir,venir,imperfecto,Imperfecto,regular,ir,no,regular,sí,venía,venías,venía,veníamos,venían,
venir__futuro,15,venir,venir,futuro,Futuro,irregular,ir,no,raíz irregular,sí,vendré,vendrás,vendrá,vendremos,vendrán,
venir__condicional,15,venir,venir,condicional,Condicional,irregular,ir,no,raíz irregular,sí,vendría,vendrías,vendría,vendríamos,vendrían,
venir__presente_subjuntivo,15,venir,venir,presente_subjuntivo,Presente de subjuntivo,irregular,ir,no,yo irregular,sí,venga,vengas,venga,vengamos,vengan,
venir__imperfecto_subjuntivo,15,venir,venir,imperfecto_subjuntivo,Imperfecto de subjuntivo,irregular,ir,no,raíz irregular,sí,viniera,vinieras,viniera,viniéramos,vinieran,
venir__imperativo,15,venir,venir,imperativo,Imperativo,irregular,ir,no,muy irregular,sí,,ven / no vengas,venga / no venga,vengamos / no vengamos,vengan / no vengan,
irse__presente_indicativo,16,irse,ir,presente_indicativo,Presente,irregular,ir,sí,muy irregular,sí,me voy,te vas,se va,nos vamos,se van,
irse__preterito,16,irse,ir,preterito,Pretérito,irregular,ir,sí,muy irregular,sí,me fui,te fuiste,se fue,nos fuimos,se fueron,
irse__imperfecto,16,irse,ir,imperfecto,Imperfecto,irregular,ir,sí,muy irregular,sí,me iba,te ibas,se iba,nos íbamos,se iban,
irse__futuro,16,irse,ir,futuro,Futuro,regular,ir,sí,regular,sí,me iré,te irás,se irá,nos iremos,se irán,
irse__condicional,16,irse,ir,condicional,Condicional,regular,ir,sí,regular,sí,me iría,te irías,se iría,nos iríamos,se irían,
irse__presente_subjuntivo,16,irse,ir,presente_subjuntivo,Presente de subjuntivo,irregular,ir,sí,muy irregular,sí,me vaya,te vayas,se vaya,nos vayamos,se vayan,
irse__imperfecto_subjuntivo,16,irse,ir,imperfecto_subjuntivo,Imperfecto de subjuntivo,irregular,ir,sí,muy irregular,sí,me fuera,te fueras,se fuera,nos fuéramos,se fueran,
irse__imperativo,16,irse,ir,imperativo,Imperativo,irregular,ir,sí,muy irregular,sí,,vete / no te vayas,váyase / no se vaya,vámonos / no nos vayamos,váyanse / no se vayan,
salir__presente_indicativo,17,salir,salir,presente_indicativo,Presente,irregular,ir,no,yo→-go,sí,salgo,sales,sale,salimos,salen,
salir__preterito,17,salir,salir,preterito,Pretérito,regular,ir,no,regular,sí,salí,saliste,salió,salimos,salieron,
salir__imperfecto,17,salir,salir,imperfecto,Imperfecto,regular,ir,no,regular,sí,salía,salías,salía,salíamos,salían,
salir__futuro,17,salir,salir,futuro,Futuro,irregular,ir,no,raíz irregular,sí,saldré,saldrás,saldrá,saldremos,saldrán,
salir__condicional,17,salir,salir,condicional,Condicional,irregular,ir,no,raíz irregular,sí,saldría,saldrías,saldría,saldríamos,saldrían,
salir__presente_subjuntivo,17,salir,salir,presente_subjuntivo,Presente de subjuntivo,irregular,ir,no,yo irregular,sí,salga,salgas,salga,salgamos,salgan,
salir__imperfecto_subjuntivo,17,salir,salir,imperfecto_subjuntivo,Imperfecto de subjuntivo,regular,ir,no,regular,sí,saliera,salieras,saliera,saliéramos,salieran,
salir__imperativo,17,salir,salir,imperativo,Imperativo,irregular,ir,no,muy irregular,sí,,sal / no salgas,salga / no salga,salgamos / no salgamos,salgan / no salgan,
poner__presente_indicativo,18,poner,poner,presente_indicativo,Presente,irregular,er,no,yo→-go,sí,pongo,pones,pone,ponemos,ponen,
poner__preterito,18,poner,poner,preterito,Pretérito,irregular,er,no,raíz irregular,sí,puse,pusiste,puso,pusimos,pusieron,
poner__imperfecto,18,poner,poner,imperfecto,Imperfecto,regular,er,no,regular,sí,ponía,ponías,ponía,poníamos,ponían,
poner__futuro,18,poner,poner,futuro,Futuro,irregular,er,no,raíz irregular,sí,pondré,pondrás,pondrá,pondremos,pondrán,
poner__condicional,18,poner,poner,condicional,Condicional,irregular,er,no,raíz irregular,sí,pondría,pondrías,pondría,pondríamos,pondrían,
poner__presente_subjuntivo,18,poner,poner,presente_subjuntivo,Presente de subjuntivo,irregular,er,no,yo irregular,sí,ponga,pongas,ponga,pongamos,pongan,
poner__imperfecto_subjuntivo,18,poner,poner,imperfecto_subjuntivo,Imperfecto de subjuntivo,irregular,er,no,raíz irregular,sí,pusiera,pusieras,pusiera,pusiéramos,pusieran,
poner__imperativo,18,poner,poner,imperativo,Imperativo,irregular,er,no,muy irregular,sí,,pon / no pongas,ponga / no ponga,pongamos / no pongamos,pongan / no pongan,
llegar__presente_indicativo,19,llegar,llegar,presente_indicativo,Presente,regular,ar,no,regular,sí,llego,llegas,llega,llegamos,llegan,
llegar__preterito,19,llegar,llegar,preterito,Pretérito,irregular,ar,no,cambio ortográfico,sí,llegué,llegaste,llegó,llegamos,llegaron,
llegar__imperfecto,19,llegar,llegar,imperfecto,Imperfecto,regular,ar,no,regular,sí,llegaba,llegabas,llegaba,llegábamos,llegaban,
llegar__futuro,19,llegar,llegar,futuro,Futuro,regular,ar,no,regular,sí,llegaré,llegarás,llegará,llegaremos,llegarán,
llegar__condicional,19,llegar,llegar,condicional,Condicional,regular,ar,no,regular,sí,llegaría,llegarías,llegaría,llegaríamos,llegarían,
llegar__presente_subjuntivo,19,llegar,llegar,presente_subjuntivo,Presente de subjuntivo,irregular,ar,no,cambio ortográfico,sí,llegue,llegues,llegue,lleguemos,lleguen,
llegar__imperfecto_subjuntivo,19,llegar,llegar,imperfecto_subjuntivo,Imperfecto de subjuntivo,regular,ar,no,regular,sí,llegara,llegaras,llegara,llegáramos,llegaran,
llegar__imperativo,19,llegar,llegar,imperativo,Imperativo,irregular,ar,no,cambio ortográfico,sí,,llega / no llegues,llegue / no llegue,lleguemos / no lleguemos,lleguen / no lleguen,
comer__presente_indicativo,20,comer,comer,presente_indicativo,Presente,regular,er,no,regular,sí,como,comes,come,comemos,comen,
comer__preterito,20,comer,comer,preterito,Pretérito,regular,er,no,regular,sí,comí,comiste,comió,comimos,comieron,
comer__imperfecto,20,comer,comer,imperfecto,Imperfecto,regular,er,no,regular,sí,comía,comías,comía,comíamos,comían,
comer__futuro,20,comer,comer,futuro,Futuro,regular,er,no,regular,sí,comeré,comerás,comerá,comeremos,comerán,
comer__condicional,20,comer,comer,condicional,Condicional,regular,er,no,regular,sí,comería,comerías,comería,comeríamos,comerían,
comer__presente_subjuntivo,20,comer,comer,presente_subjuntivo,Presente de subjuntivo,regular,er,no,regular,sí,coma,comas,coma,comamos,coman,
comer__imperfecto_subjuntivo,20,comer,comer,imperfecto_subjuntivo,Imperfecto de subjuntivo,regular,er,no,regular,sí,comiera,comieras,comiera,comiéramos,comieran,
comer__imperativo,20,comer,comer,imperativo,Imperativo,regular,er,no,regular,sí,,come / no comas,coma / no coma,comamos / no comamos,coman / no coman,
dejar__presente_indicativo,21,dejar,dejar,presente_indicativo,Presente,regular,ar,no,regular,sí,dejo,dejas,deja,dejamos,dejan,
dejar__preterito,21,dejar,dejar,preterito,Pretérito,regular,ar,no,regular,sí,dejé,dejaste,dejó,dejamos,dejaron,
dejar__imperfecto,21,dejar,dejar,imperfecto,Imperfecto,regular,ar,no,regular,sí,dejaba,dejabas,dejaba,dejábamos,dejaban,
dejar__futuro,21,dejar,dejar,futuro,Futuro,regular,ar,no,regular,sí,dejaré,dejarás,dejará,dejaremos,dejarán,
dejar__condicional,21,dejar,dejar,condicional,Condicional,regular,ar,no,regular,sí,dejaría,dejarías,dejaría,dejaríamos,dejarían,
dejar__presente_subjuntivo,21,dejar,dejar,presente_subjuntivo,Presente de subjuntivo,regular,ar,no,regular,sí,deje,dejes,deje,dejemos,dejen,
dejar__imperfecto_subjuntivo,21,dejar,dejar,imperfecto_subjuntivo,Imperfecto de subjuntivo,regular,ar,no,regular,sí,dejara,dejaras,dejara,dejáramos,dejaran,
dejar__imperativo,21,dejar,dejar,imperativo,Imperativo,regular,ar,no,regular,sí,,deja / no dejes,deje / no deje,dejemos / no dejemos,dejen / no dejen,
hablar__presente_indicativo,22,hablar,hablar,presente_indicativo,Presente,regular,ar,no,regular,sí,hablo,hablas,habla,hablamos,hablan,
hablar__preterito,22,hablar,hablar,preterito,Pretérito,regular,ar,no,regular,sí,hablé,hablaste,habló,hablamos,hablaron,
hablar__imperfecto,22,hablar,hablar,imperfecto,Imperfecto,regular,ar,no,regular,sí,hablaba,hablabas,hablaba,hablábamos,hablaban,
hablar__futuro,22,hablar,hablar,futuro,Futuro,regular,ar,no,regular,sí,hablaré,hablarás,hablará,hablaremos,hablarán,
hablar__condicional,22,hablar,hablar,condicional,Condicional,regular,ar,no,regular,sí,hablaría,hablarías,hablaría,hablaríamos,hablarían,
hablar__presente_subjuntivo,22,hablar,hablar,presente_subjuntivo,Presente de subjuntivo,regular,ar,no,regular,sí,hable,hables,hable,hablemos,hablen,
hablar__imperfecto_subjuntivo,22,hablar,hablar,imperfecto_subjuntivo,Imperfecto de subjuntivo,regular,ar,no,regular,sí,hablara,hablaras,hablara,habláramos,hablaran,
hablar__imperativo,22,hablar,hablar,imperativo,Imperativo,regular,ar,no,regular,sí,,habla / no hables,hable / no hable,hablemos / no hablemos,hablen / no hablen,
mirar__presente_indicativo,23,mirar,mirar,presente_indicativo,Presente,regular,ar,no,regular,sí,miro,miras,mira,miramos,miran,
mirar__preterito,23,mirar,mirar,preterito,Pretérito,regular,ar,no,regular,sí,miré,miraste,miró,miramos,miraron,
mirar__imperfecto,23,mirar,mirar,imperfecto,Imperfecto,regular,ar,no,regular,sí,miraba,mirabas,miraba,mirábamos,miraban,
mirar__futuro,23,mirar,mirar,futuro,Futuro,regular,ar,no,regular,sí,miraré,mirarás,mirará,miraremos,mirarán,
mirar__condicional,23,mirar,mirar,condicional,Condicional,regular,ar,no,regular,sí,miraría,mirarías,miraría,miraríamos,mirarían,
mirar__presente_subjuntivo,23,mirar,mirar,presente_subjuntivo,Presente de subjuntivo,regular,ar,no,regular,sí,mire,mires,mire,miremos,miren,
mirar__imperfecto_subjuntivo,23,mirar,mirar,imperfecto_subjuntivo,Imperfecto de subjuntivo,regular,ar,no,regular,sí,mirara,miraras,mirara,miráramos,miraran,
mirar__imperativo,23,mirar,mirar,imperativo,Imperativo,regular,ar,no,regular,sí,,mira / no mires,mire / no mire,miremos / no miremos,miren / no miren,
pedir__presente_indicativo,24,pedir,pedir,presente_indicativo,Presente,irregular,ir,no,e→i,sí,pido,pides,pide,pedimos,piden,
pedir__preterito,24,pedir,pedir,preterito,Pretérito,irregular,ir,no,e→i (3.ª persona),sí,pedí,pediste,pidió,pedimos,pidieron,
pedir__imperfecto,24,pedir,pedir,imperfecto,Imperfecto,regular,ir,no,regular,sí,pedía,pedías,pedía,pedíamos,pedían,
pedir__futuro,24,pedir,pedir,futuro,Futuro,regular,ir,no,regular,sí,pediré,pedirás,pedirá,pediremos,pedirán,
pedir__condicional,24,pedir,pedir,condicional,Condicional,regular,ir,no,regular,sí,pediría,pedirías,pediría,pediríamos,pedirían,
pedir__presente_subjuntivo,24,pedir,pedir,presente_subjuntivo,Presente de subjuntivo,irregular,ir,no,e→i,sí,pida,pidas,pida,pidamos,pidan,
pedir__imperfecto_subjuntivo,24,pedir,pedir,imperfecto_subjuntivo,Imperfecto de subjuntivo,irregular,ir,no,e→i,sí,pidiera,pidieras,pidiera,pidiéramos,pidieran,
pedir__imperativo,24,pedir,pedir,imperativo,Imperativo,irregular,ir,no,e→i,sí,,pide / no pidas,pida / no pida,pidamos / no pidamos,pidan / no pidan,
llevar__presente_indicativo,25,llevar,llevar,presente_indicativo,Presente,regular,ar,no,regular,sí,llevo,llevas,lleva,llevamos,llevan,
llevar__preterito,25,llevar,llevar,preterito,Pretérito,regular,ar,no,regular,sí,llevé,llevaste,llevó,llevamos,llevaron,
llevar__imperfecto,25,llevar,llevar,imperfecto,Imperfecto,regular,ar,no,regular,sí,llevaba,llevabas,llevaba,llevábamos,llevaban,
llevar__futuro,25,llevar,llevar,futuro,Futuro,regular,ar,no,regular,sí,llevaré,llevarás,llevará,llevaremos,llevarán,
llevar__condicional,25,llevar,llevar,condicional,Condicional,regular,ar,no,regular,sí,llevaría,llevarías,llevaría,llevaríamos,llevarían,
llevar__presente_subjuntivo,25,llevar,llevar,presente_subjuntivo,Presente de subjuntivo,regular,ar,no,regular,sí,lleve,lleves,lleve,llevemos,lleven,
llevar__imperfecto_subjuntivo,25,llevar,llevar,imperfecto_subjuntivo,Imperfecto de subjuntivo,regular,ar,no,regular,sí,llevara,llevaras,llevara,lleváramos,llevaran,
llevar__imperativo,25,llevar,llevar,imperativo,Imperativo,regular,ar,no,regular,sí,,lleva / no lleves,lleve / no lleve,llevemos / no llevemos,lleven / no lleven,
gustar__presente_indicativo,26,gustar,gustar,presente_indicativo,Presente,regular,ar,no,regular,sí,gusto,gustas,gusta,gustamos,gustan,
gustar__preterito,26,gustar,gustar,preterito,Pretérito,regular,ar,no,regular,sí,gusté,gustaste,gustó,gustamos,gustaron,
gustar__imperfecto,26,gustar,gustar,imperfecto,Imperfecto,regular,ar,no,regular,sí,gustaba,gustabas,gustaba,gustábamos,gustaban,
gustar__futuro,26,gustar,gustar,futuro,Futuro,regular,ar,no,regular,sí,gustaré,gustarás,gustará,gustaremos,gustarán,
gustar__condicional,26,gustar,gustar,condicional,Condicional,regular,ar,no,regular,sí,gustaría,gustarías,gustaría,gustaríamos,gustarían,
gustar__presente_subjuntivo,26,gustar,gustar,presente_subjuntivo,Presente de subjuntivo,regular,ar,no,regular,sí,guste,gustes,guste,gustemos,gusten,
gustar__imperfecto_subjuntivo,26,gustar,gustar,imperfecto_subjuntivo,Imperfecto de subjuntivo,regular,ar,no,regular,sí,gustara,gustaras,gustara,gustáramos,gustaran,
gustar__imperativo,26,gustar,gustar,imperativo,Imperativo,regular,ar,no,regular,sí,,gusta / no gustes,guste / no guste,gustemos / no gustemos,gusten / no gusten,
oír__presente_indicativo,27,oír,oír,presente_indicativo,Presente,irregular,ir,no,yo→-go,sí,oigo,oyes,oye,oímos,oyen,
oír__preterito,27,oír,oír,preterito,Pretérito,irregular,ir,no,i→y,sí,oí,oíste,oyó,oímos,oyeron,
oír__imperfecto,27,oír,oír,imperfecto,Imperfecto,regular,ir,no,regular,sí,oía,oías,oía,oíamos,oían,
oír__futuro,27,oír,oír,futuro,Futuro,irregular,ir,no,raíz irregular,sí,oiré,oirás,oirá,oiremos,oirán,
oír__condicional,27,oír,oír,condicional,Condicional,irregular,ir,no,raíz irregular,sí,oiría,oirías,oiría,oiríamos,oirían,
oír__presente_subjuntivo,27,oír,oír,presente_subjuntivo,Presente de subjuntivo,irregular,ir,no,yo irregular,sí,oiga,oigas,oiga,oigamos,oigan,
oír__imperfecto_subjuntivo,27,oír,oír,imperfecto_subjuntivo,Imperfecto de subjuntivo,irregular,ir,no,i→y,sí,oyera,oyeras,oyera,oyéramos,oyeran,
oír__imperativo,27,oír,oír,imperativo,Imperativo,irregular,ir,no,yo irregular,sí,,oye / no oigas,oiga / no oiga,oigamos / no oigamos,oigan / no oigan,
traer__presente_indicativo,28,traer,traer,presente_indicativo,Presente,irregular,er,no,yo→-go,sí,traigo,traes,trae,traemos,traen,
traer__preterito,28,traer,traer,preterito,Pretérito,irregular,er,no,raíz en j,sí,traje,trajiste,trajo,trajimos,trajeron,
traer__imperfecto,28,traer,traer,imperfecto,Imperfecto,regular,er,no,regular,sí,traía,traías,traía,traíamos,traían,
traer__futuro,28,traer,traer,futuro,Futuro,regular,er,no,regular,sí,traeré,traerás,traerá,traeremos,traerán,
traer__condicional,28,traer,traer,condicional,Condicional,regular,er,no,regular,sí,traería,traerías,traería,traeríamos,traerían,
traer__presente_subjuntivo,28,traer,traer,presente_subjuntivo,Presente de subjuntivo,irregular,er,no,yo irregular,sí,traiga,traigas,traiga,traigamos,traigan,
traer__imperfecto_subjuntivo,28,traer,traer,imperfecto_subjuntivo,Imperfecto de subjuntivo,irregular,er,no,raíz en j,sí,trajera,trajeras,trajera,trajéramos,trajeran,
traer__imperativo,28,traer,traer,imperativo,Imperativo,irregular,er,no,yo irregular,sí,,trae / no traigas,traiga / no traiga,traigamos / no traigamos,traigan / no traigan,
vivir__presente_indicativo,29,vivir,vivir,presente_indicativo,Presente,regular,ir,no,regular,sí,vivo,vives,vive,vivimos,viven,
vivir__preterito,29,vivir,vivir,preterito,Pretérito,regular,ir,no,regular,sí,viví,viviste,vivió,vivimos,vivieron,
vivir__imperfecto,29,vivir,vivir,imperfecto,Imperfecto,regular,ir,no,regular,sí,vivía,vivías,vivía,vivíamos,vivían,
vivir__futuro,29,vivir,vivir,futuro,Futuro,regular,ir,no,regular,sí,viviré,vivirás,vivirá,viviremos,vivirán,
vivir__condicional,29,vivir,vivir,condicional,Condicional,regular,ir,no,regular,sí,viviría,vivirías,viviría,viviríamos,vivirían,
vivir__presente_subjuntivo,29,vivir,vivir,presente_subjuntivo,Presente de subjuntivo,regular,ir,no,regular,sí,viva,vivas,viva,vivamos,vivan,
vivir__imperfecto_subjuntivo,29,vivir,vivir,imperfecto_subjuntivo,Imperfecto de subjuntivo,regular,ir,no,regular,sí,viviera,vivieras,viviera,viviéramos,vivieran,
vivir__imperativo,29,vivir,vivir,imperativo,Imperativo,regular,ir,no,regular,sí,,vive / no vivas,viva / no viva,vivamos / no vivamos,vivan / no vivan,
comprar__presente_indicativo,30,comprar,comprar,presente_indicativo,Presente,regular,ar,no,regular,sí,compro,compras,compra,compramos,compran,
comprar__preterito,30,comprar,comprar,preterito,Pretérito,regular,ar,no,regular,sí,compré,compraste,compró,compramos,compraron,
comprar__imperfecto,30,comprar,comprar,imperfecto,Imperfecto,regular,ar,no,regular,sí,compraba,comprabas,compraba,comprábamos,compraban,
comprar__futuro,30,comprar,comprar,futuro,Futuro,regular,ar,no,regular,sí,compraré,comprarás,comprará,compraremos,comprarán,
comprar__condicional,30,comprar,comprar,condicional,Condicional,regular,ar,no,regular,sí,compraría,comprarías,compraría,compraríamos,comprarían,
comprar__presente_subjuntivo,30,comprar,comprar,presente_subjuntivo,Presente de subjuntivo,regular,ar,no,regular,sí,compre,compres,compre,compremos,compren,
comprar__imperfecto_subjuntivo,30,comprar,comprar,imperfecto_subjuntivo,Imperfecto de subjuntivo,regular,ar,no,regular,sí,comprara,compraras,comprara,compráramos,compraran,
comprar__imperativo,30,comprar,comprar,imperativo,Imperativo,regular,ar,no,regular,sí,,compra / no compres,compre / no compre,compremos / no compremos,compren / no compren,
trabajar__presente_indicativo,31,trabajar,trabajar,presente_indicativo,Presente,regular,ar,no,regular,sí,trabajo,trabajas,trabaja,trabajamos,trabajan,
trabajar__preterito,31,trabajar,trabajar,preterito,Pretérito,regular,ar,no,regular,sí,trabajé,trabajaste,trabajó,trabajamos,trabajaron,
trabajar__imperfecto,31,trabajar,trabajar,imperfecto,Imperfecto,regular,ar,no,regular,sí,trabajaba,trabajabas,trabajaba,trabajábamos,trabajaban,
trabajar__futuro,31,trabajar,trabajar,futuro,Futuro,regular,ar,no,regular,sí,trabajaré,trabajarás,trabajará,trabajaremos,trabajarán,
trabajar__condicional,31,trabajar,trabajar,condicional,Condicional,regular,ar,no,regular,sí,trabajaría,trabajarías,trabajaría,trabajaríamos,trabajarían,
trabajar__presente_subjuntivo,31,trabajar,trabajar,presente_subjuntivo,Presente de subjuntivo,regular,ar,no,regular,sí,trabaje,trabajes,trabaje,trabajemos,trabajen,
trabajar__imperfecto_subjuntivo,31,trabajar,trabajar,imperfecto_subjuntivo,Imperfecto de subjuntivo,regular,ar,no,regular,sí,trabajara,trabajaras,trabajara,trabajáramos,trabajaran,
trabajar__imperativo,31,trabajar,trabajar,imperativo,Imperativo,regular,ar,no,regular,sí,,trabaja / no trabajes,trabaje / no trabaje,trabajemos / no trabajemos,trabajen / no trabajen,
sacar__presente_indicativo,32,sacar,sacar,presente_indicativo,Presente,regular,ar,no,regular,sí,saco,sacas,saca,sacamos,sacan,
sacar__preterito,32,sacar,sacar,preterito,Pretérito,irregular,ar,no,cambio ortográfico,sí,saqué,sacaste,sacó,sacamos,sacaron,
sacar__imperfecto,32,sacar,sacar,imperfecto,Imperfecto,regular,ar,no,regular,sí,sacaba,sacabas,sacaba,sacábamos,sacaban,
sacar__futuro,32,sacar,sacar,futuro,Futuro,regular,ar,no,regular,sí,sacaré,sacarás,sacará,sacaremos,sacarán,
sacar__condicional,32,sacar,sacar,condicional,Condicional,regular,ar,no,regular,sí,sacaría,sacarías,sacaría,sacaríamos,sacarían,
sacar__presente_subjuntivo,32,sacar,sacar,presente_subjuntivo,Presente de subjuntivo,irregular,ar,no,cambio ortográfico,sí,saque,saques,saque,saquemos,saquen,
sacar__imperfecto_subjuntivo,32,sacar,sacar,imperfecto_subjuntivo,Imperfecto de subjuntivo,regular,ar,no,regular,sí,sacara,sacaras,sacara,sacáramos,sacaran,
sacar__imperativo,32,sacar,sacar,imperativo,Imperativo,irregular,ar,no,cambio ortográfico,sí,,saca / no saques,saque / no saque,saquemos / no saquemos,saquen / no saquen,
sentir__presente_indicativo,33,sentir,sentir,presente_indicativo,Presente,irregular,ir,no,e→ie,sí,siento,sientes,siente,sentimos,sienten,
sentir__preterito,33,sentir,sentir,preterito,Pretérito,irregular,ir,no,e→i (3.ª persona),sí,sentí,sentiste,sintió,sentimos,sintieron,
sentir__imperfecto,33,sentir,sentir,imperfecto,Imperfecto,regular,ir,no,regular,sí,sentía,sentías,sentía,sentíamos,sentían,
sentir__futuro,33,sentir,sentir,futuro,Futuro,regular,ir,no,regular,sí,sentiré,sentirás,sentirá,sentiremos,sentirán,
sentir__condicional,33,sentir,sentir,condicional,Condicional,regular,ir,no,regular,sí,sentiría,sentirías,sentiría,sentiríamos,sentirían,
sentir__presente_subjuntivo,33,sentir,sentir,presente_subjuntivo,Presente de subjuntivo,irregular,ir,no,e→ie/e→i (-ir),sí,sienta,sientas,sienta,sintamos,sientan,
sentir__imperfecto_subjuntivo,33,sentir,sentir,imperfecto_subjuntivo,Imperfecto de subjuntivo,irregular,ir,no,e→i,sí,sintiera,sintieras,sintiera,sintiéramos,sintieran,
sentir__imperativo,33,sentir,sentir,imperativo,Imperativo,irregular,ir,no,e→ie/e→i (-ir),sí,,siente / no sientas,sienta / no sienta,sintamos / no sintamos,sientan / no sientan,
empezar__presente_indicativo,34,empezar,empezar,presente_indicativo,Presente,irregular,ar,no,e→ie,sí,empiezo,empiezas,empieza,empezamos,empiezan,
empezar__preterito,34,empezar,empezar,preterito,Pretérito,irregular,ar,no,cambio ortográfico,sí,empecé,empezaste,empezó,empezamos,empezaron,
empezar__imperfecto,34,empezar,empezar,imperfecto,Imperfecto,regular,ar,no,regular,sí,empezaba,empezabas,empezaba,empezábamos,empezaban,
empezar__futuro,34,empezar,empezar,futuro,Futuro,regular,ar,no,regular,sí,empezaré,empezarás,empezará,empezaremos,empezarán,
empezar__condicional,34,empezar,empezar,condicional,Condicional,regular,ar,no,regular,sí,empezaría,empezarías,empezaría,empezaríamos,empezarían,
empezar__presente_subjuntivo,34,empezar,empezar,presente_subjuntivo,Presente de subjuntivo,irregular,ar,no,e→ie,sí,empiece,empieces,empiece,empecemos,empiecen,
empezar__imperfecto_subjuntivo,34,empezar,empezar,imperfecto_subjuntivo,Imperfecto de subjuntivo,regular,ar,no,regular,sí,empezara,empezaras,empezara,empezáramos,empezaran,
empezar__imperativo,34,empezar,empezar,imperativo,Imperativo,irregular,ar,no,e→ie,sí,,empieza / no empieces,empiece / no empiece,empecemos / no empecemos,empiecen / no empiecen,
quedar__presente_indicativo,35,quedar,quedar,presente_indicativo,Presente,regular,ar,no,regular,sí,quedo,quedas,queda,quedamos,quedan,
quedar__preterito,35,quedar,quedar,preterito,Pretérito,regular,ar,no,regular,sí,quedé,quedaste,quedó,quedamos,quedaron,
quedar__imperfecto,35,quedar,quedar,imperfecto,Imperfecto,regular,ar,no,regular,sí,quedaba,quedabas,quedaba,quedábamos,quedaban,
quedar__futuro,35,quedar,quedar,futuro,Futuro,regular,ar,no,regular,sí,quedaré,quedarás,quedará,quedaremos,quedarán,
quedar__condicional,35,quedar,quedar,condicional,Condicional,regular,ar,no,regular,sí,quedaría,quedarías,quedaría,quedaríamos,quedarían,
quedar__presente_subjuntivo,35,quedar,quedar,presente_subjuntivo,Presente de subjuntivo,regular,ar,no,regular,sí,quede,quedes,quede,quedemos,queden,
quedar__imperfecto_subjuntivo,35,quedar,quedar,imperfecto_subjuntivo,Imperfecto de subjuntivo,regular,ar,no,regular,sí,quedara,quedaras,quedara,quedáramos,quedaran,
quedar__imperativo,35,quedar,quedar,imperativo,Imperativo,regular,ar,no,regular,sí,,queda / no quedes,quede / no quede,quedemos / no quedemos,queden / no queden,
verse__presente_indicativo,36,verse,ver,presente_indicativo,Presente,irregular,er,sí,yo irregular,sí,me veo,te ves,se ve,nos vemos,se ven,
verse__preterito,36,verse,ver,preterito,Pretérito,irregular,er,sí,muy irregular,sí,me vi,te viste,se vio,nos vimos,se vieron,
verse__imperfecto,36,verse,ver,imperfecto,Imperfecto,irregular,er,sí,muy irregular,sí,me veía,te veías,se veía,nos veíamos,se veían,
verse__futuro,36,verse,ver,futuro,Futuro,regular,er,sí,regular,sí,me veré,te verás,se verá,nos veremos,se verán,
verse__condicional,36,verse,ver,condicional,Condicional,regular,er,sí,regular,sí,me vería,te verías,se vería,nos veríamos,se verían,
verse__presente_subjuntivo,36,verse,ver,presente_subjuntivo,Presente de subjuntivo,irregular,er,sí,yo irregular,sí,me vea,te veas,se vea,nos veamos,se vean,
verse__imperfecto_subjuntivo,36,verse,ver,imperfecto_subjuntivo,Imperfecto de subjuntivo,irregular,er,sí,muy irregular,sí,me viera,te vieras,se viera,nos viéramos,se vieran,
verse__imperativo,36,verse,ver,imperativo,Imperativo,irregular,er,sí,muy irregular,sí,,vete / no te veas,véase / no se vea,veámonos / no nos veamos,véanse / no se vean,
pensar__presente_indicativo,37,pensar,pensar,presente_indicativo,Presente,irregular,ar,no,e→ie,sí,pienso,piensas,piensa,pensamos,piensan,
pensar__preterito,37,pensar,pensar,preterito,Pretérito,regular,ar,no,regular,sí,pensé,pensaste,pensó,pensamos,pensaron,
pensar__imperfecto,37,pensar,pensar,imperfecto,Imperfecto,regular,ar,no,regular,sí,pensaba,pensabas,pensaba,pensábamos,pensaban,
pensar__futuro,37,pensar,pensar,futuro,Futuro,regular,ar,no,regular,sí,pensaré,pensarás,pensará,pensaremos,pensarán,
pensar__condicional,37,pensar,pensar,condicional,Condicional,regular,ar,no,regular,sí,pensaría,pensarías,pensaría,pensaríamos,pensarían,
pensar__presente_subjuntivo,37,pensar,pensar,presente_subjuntivo,Presente de subjuntivo,irregular,ar,no,e→ie,sí,piense,pienses,piense,pensemos,piensen,
pensar__imperfecto_subjuntivo,37,pensar,pensar,imperfecto_subjuntivo,Imperfecto de subjuntivo,regular,ar,no,regular,sí,pensara,pensaras,pensara,pensáramos,pensaran,
pensar__imperativo,37,pensar,pensar,imperativo,Imperativo,irregular,ar,no,e→ie,sí,,piensa / no pienses,piense / no piense,pensemos / no pensemos,piensen / no piensen,
mandar__presente_indicativo,38,mandar,mandar,presente_indicativo,Presente,regular,ar,no,regular,sí,mando,mandas,manda,mandamos,mandan,
mandar__preterito,38,mandar,mandar,preterito,Pretérito,regular,ar,no,regular,sí,mandé,mandaste,mandó,mandamos,mandaron,
mandar__imperfecto,38,mandar,mandar,imperfecto,Imperfecto,regular,ar,no,regular,sí,mandaba,mandabas,mandaba,mandábamos,mandaban,
mandar__futuro,38,mandar,mandar,futuro,Futuro,regular,ar,no,regular,sí,mandaré,mandarás,mandará,mandaremos,mandarán,
mandar__condicional,38,mandar,mandar,condicional,Condicional,regular,ar,no,regular,sí,mandaría,mandarías,mandaría,mandaríamos,mandarían,
mandar__presente_subjuntivo,38,mandar,mandar,presente_subjuntivo,Presente de subjuntivo,regular,ar,no,regular,sí,mande,mandes,mande,mandemos,manden,
mandar__imperfecto_subjuntivo,38,mandar,mandar,imperfecto_subjuntivo,Imperfecto de subjuntivo,regular,ar,no,regular,sí,mandara,mandaras,mandara,mandáramos,mandaran,
mandar__imperativo,38,mandar,mandar,imperativo,Imperativo,regular,ar,no,regular,sí,,manda / no mandes,mande / no mande,mandemos / no mandemos,manden / no manden,
tomar__presente_indicativo,39,tomar,tomar,presente_indicativo,Presente,regular,ar,no,regular,sí,tomo,tomas,toma,tomamos,toman,
tomar__preterito,39,tomar,tomar,preterito,Pretérito,regular,ar,no,regular,sí,tomé,tomaste,tomó,tomamos,tomaron,
tomar__imperfecto,39,tomar,tomar,imperfecto,Imperfecto,regular,ar,no,regular,sí,tomaba,tomabas,tomaba,tomábamos,tomaban,
tomar__futuro,39,tomar,tomar,futuro,Futuro,regular,ar,no,regular,sí,tomaré,tomarás,tomará,tomaremos,tomarán,
tomar__condicional,39,tomar,tomar,condicional,Condicional,regular,ar,no,regular,sí,tomaría,tomarías,tomaría,tomaríamos,tomarían,
tomar__presente_subjuntivo,39,tomar,tomar,presente_subjuntivo,Presente de subjuntivo,regular,ar,no,regular,sí,tome,tomes,tome,tomemos,tomen,
tomar__imperfecto_subjuntivo,39,tomar,tomar,imperfecto_subjuntivo,Imperfecto de subjuntivo,regular,ar,no,regular,sí,tomara,tomaras,tomara,tomáramos,tomaran,
tomar__imperativo,39,tomar,tomar,imperativo,Imperativo,regular,ar,no,regular,sí,,toma / no tomes,tome / no tome,tomemos / no tomemos,tomen / no tomen,
pagar__presente_indicativo,40,pagar,pagar,presente_indicativo,Presente,regular,ar,no,regular,sí,pago,pagas,paga,pagamos,pagan,
pagar__preterito,40,pagar,pagar,preterito,Pretérito,irregular,ar,no,cambio ortográfico,sí,pagué,pagaste,pagó,pagamos,pagaron,
pagar__imperfecto,40,pagar,pagar,imperfecto,Imperfecto,regular,ar,no,regular,sí,pagaba,pagabas,pagaba,pagábamos,pagaban,
pagar__futuro,40,pagar,pagar,futuro,Futuro,regular,ar,no,regular,sí,pagaré,pagarás,pagará,pagaremos,pagarán,
pagar__condicional,40,pagar,pagar,condicional,Condicional,regular,ar,no,regular,sí,pagaría,pagarías,pagaría,pagaríamos,pagarían,
pagar__presente_subjuntivo,40,pagar,pagar,presente_subjuntivo,Presente de subjuntivo,irregular,ar,no,cambio ortográfico,sí,pague,pagues,pague,paguemos,paguen,
pagar__imperfecto_subjuntivo,40,pagar,pagar,imperfecto_subjuntivo,Imperfecto de subjuntivo,regular,ar,no,regular,sí,pagara,pagaras,pagara,pagáramos,pagaran,
pagar__imperativo,40,pagar,pagar,imperativo,Imperativo,irregular,ar,no,cambio ortográfico,sí,,paga / no pagues,pague / no pague,paguemos / no paguemos,paguen / no paguen,
quedarse__presente_indicativo,41,quedarse,quedar,presente_indicativo,Presente,regular,ar,sí,regular,sí,me quedo,te quedas,se queda,nos quedamos,se quedan,
quedarse__preterito,41,quedarse,quedar,preterito,Pretérito,regular,ar,sí,regular,sí,me quedé,te quedaste,se quedó,nos quedamos,se quedaron,
quedarse__imperfecto,41,quedarse,quedar,imperfecto,Imperfecto,regular,ar,sí,regular,sí,me quedaba,te quedabas,se quedaba,nos quedábamos,se quedaban,
quedarse__futuro,41,quedarse,quedar,futuro,Futuro,regular,ar,sí,regular,sí,me quedaré,te quedarás,se quedará,nos quedaremos,se quedarán,
quedarse__condicional,41,quedarse,quedar,condicional,Condicional,regular,ar,sí,regular,sí,me quedaría,te quedarías,se quedaría,nos quedaríamos,se quedarían,
quedarse__presente_subjuntivo,41,quedarse,quedar,presente_subjuntivo,Presente de subjuntivo,regular,ar,sí,regular,sí,me quede,te quedes,se quede,nos quedemos,se queden,
quedarse__imperfecto_subjuntivo,41,quedarse,quedar,imperfecto_subjuntivo,Imperfecto de subjuntivo,regular,ar,sí,regular,sí,me quedara,te quedaras,se quedara,nos quedáramos,se quedaran,
quedarse__imperativo,41,quedarse,quedar,imperativo,Imperativo,regular,ar,sí,regular,sí,,quédate / no te quedes,quédese / no se quede,quedémonos / no nos quedemos,quédense / no se queden,
llamarse__presente_indicativo,42,llamarse,llamar,presente_indicativo,Presente,regular,ar,sí,regular,sí,me llamo,te llamas,se llama,nos llamamos,se llaman,
llamarse__preterito,42,llamarse,llamar,preterito,Pretérito,regular,ar,sí,regular,sí,me llamé,te llamaste,se llamó,nos llamamos,se llamaron,
llamarse__imperfecto,42,llamarse,llamar,imperfecto,Imperfecto,regular,ar,sí,regular,sí,me llamaba,te llamabas,se llamaba,nos llamábamos,se llamaban,
llamarse__futuro,42,llamarse,llamar,futuro,Futuro,regular,ar,sí,regular,sí,me llamaré,te llamarás,se llamará,nos llamaremos,se llamarán,
llamarse__condicional,42,llamarse,llamar,condicional,Condicional,regular,ar,sí,regular,sí,me llamaría,te llamarías,se llamaría,nos llamaríamos,se llamarían,
llamarse__presente_subjuntivo,42,llamarse,llamar,presente_subjuntivo,Presente de subjuntivo,regular,ar,sí,regular,sí,me llame,te llames,se llame,nos llamemos,se llamen,
llamarse__imperfecto_subjuntivo,42,llamarse,llamar,imperfecto_subjuntivo,Imperfecto de subjuntivo,regular,ar,sí,regular,sí,me llamara,te llamaras,se llamara,nos llamáramos,se llamaran,
llamarse__imperativo,42,llamarse,llamar,imperativo,Imperativo,regular,ar,sí,regular,sí,,llámate / no te llames,llámese / no se llame,llamémonos / no nos llamemos,llámense / no se llamen,
seguir__presente_indicativo,43,seguir,seguir,presente_indicativo,Presente,irregular,ir,no,e→i,sí,sigo,sigues,sigue,seguimos,siguen,
seguir__preterito,43,seguir,seguir,preterito,Pretérito,irregular,ir,no,e→i (3.ª persona),sí,seguí,seguiste,siguió,seguimos,siguieron,
seguir__imperfecto,43,seguir,seguir,imperfecto,Imperfecto,regular,ir,no,regular,sí,seguía,seguías,seguía,seguíamos,seguían,
seguir__futuro,43,seguir,seguir,futuro,Futuro,regular,ir,no,regular,sí,seguiré,seguirás,seguirá,seguiremos,seguirán,
seguir__condicional,43,seguir,seguir,condicional,Condicional,regular,ir,no,regular,sí,seguiría,seguirías,seguiría,seguiríamos,seguirían,
seguir__presente_subjuntivo,43,seguir,seguir,presente_subjuntivo,Presente de subjuntivo,irregular,ir,no,e→i,sí,siga,sigas,siga,sigamos,sigan,
seguir__imperfecto_subjuntivo,43,seguir,seguir,imperfecto_subjuntivo,Imperfecto de subjuntivo,irregular,ir,no,e→i,sí,siguiera,siguieras,siguiera,siguiéramos,siguieran,
seguir__imperativo,43,seguir,seguir,imperativo,Imperativo,irregular,ir,no,e→i,sí,,sigue / no sigas,siga / no siga,sigamos / no sigamos,sigan / no sigan,
andar__presente_indicativo,44,andar,andar,presente_indicativo,Presente,regular,ar,no,regular,sí,ando,andas,anda,andamos,andan,
andar__preterito,44,andar,andar,preterito,Pretérito,irregular,ar,no,raíz irregular,sí,anduve,anduviste,anduvo,anduvimos,anduvieron,
andar__imperfecto,44,andar,andar,imperfecto,Imperfecto,regular,ar,no,regular,sí,andaba,andabas,andaba,andábamos,andaban,
andar__futuro,44,andar,andar,futuro,Futuro,regular,ar,no,regular,sí,andaré,andarás,andará,andaremos,andarán,
andar__condicional,44,andar,andar,condicional,Condicional,regular,ar,no,regular,sí,andaría,andarías,andaría,andaríamos,andarían,
andar__presente_subjuntivo,44,andar,andar,presente_subjuntivo,Presente de subjuntivo,regular,ar,no,regular,sí,ande,andes,ande,andemos,anden,
andar__imperfecto_subjuntivo,44,andar,andar,imperfecto_subjuntivo,Imperfecto de subjuntivo,irregular,ar,no,raíz irregular,sí,anduviera,anduvieras,anduviera,anduviéramos,anduvieran,
andar__imperativo,44,andar,andar,imperativo,Imperativo,regular,ar,no,regular,sí,,anda / no andes,ande / no ande,andemos / no andemos,anden / no anden,
preguntar__presente_indicativo,45,preguntar,preguntar,presente_indicativo,Presente,regular,ar,no,regular,sí,pregunto,preguntas,pregunta,preguntamos,preguntan,
preguntar__preterito,45,preguntar,preguntar,preterito,Pretérito,regular,ar,no,regular,sí,pregunté,preguntaste,preguntó,preguntamos,preguntaron,
preguntar__imperfecto,45,preguntar,preguntar,imperfecto,Imperfecto,regular,ar,no,regular,sí,preguntaba,preguntabas,preguntaba,preguntábamos,preguntaban,
preguntar__futuro,45,preguntar,preguntar,futuro,Futuro,regular,ar,no,regular,sí,preguntaré,preguntarás,preguntará,preguntaremos,preguntarán,
preguntar__condicional,45,preguntar,preguntar,condicional,Condicional,regular,ar,no,regular,sí,preguntaría,preguntarías,preguntaría,preguntaríamos,preguntarían,
preguntar__presente_subjuntivo,45,preguntar,preguntar,presente_subjuntivo,Presente de subjuntivo,regular,ar,no,regular,sí,pregunte,preguntes,pregunte,preguntemos,pregunten,
preguntar__imperfecto_subjuntivo,45,preguntar,preguntar,imperfecto_subjuntivo,Imperfecto de subjuntivo,regular,ar,no,regular,sí,preguntara,preguntaras,preguntara,preguntáramos,preguntaran,
preguntar__imperativo,45,preguntar,preguntar,imperativo,Imperativo,regular,ar,no,regular,sí,,pregunta / no preguntes,pregunte / no pregunte,preguntemos / no preguntemos,pregunten / no pregunten,
entrar__presente_indicativo,46,entrar,entrar,presente_indicativo,Presente,regular,ar,no,regular,sí,entro,entras,entra,entramos,entran,
entrar__preterito,46,entrar,entrar,preterito,Pretérito,regular,ar,no,regular,sí,entré,entraste,entró,entramos,entraron,
entrar__imperfecto,46,entrar,entrar,imperfecto,Imperfecto,regular,ar,no,regular,sí,entraba,entrabas,entraba,entrábamos,entraban,
entrar__futuro,46,entrar,entrar,futuro,Futuro,regular,ar,no,regular,sí,entraré,entrarás,entrará,entraremos,entrarán,
entrar__condicional,46,entrar,entrar,condicional,Condicional,regular,ar,no,regular,sí,entraría,entrarías,entraría,entraríamos,entrarían,
entrar__presente_subjuntivo,46,entrar,entrar,presente_subjuntivo,Presente de subjuntivo,regular,ar,no,regular,sí,entre,entres,entre,entremos,entren,
entrar__imperfecto_subjuntivo,46,entrar,entrar,imperfecto_subjuntivo,Imperfecto de subjuntivo,regular,ar,no,regular,sí,entrara,entraras,entrara,entráramos,entraran,
entrar__imperativo,46,entrar,entrar,imperativo,Imperativo,regular,ar,no,regular,sí,,entra / no entres,entre / no entre,entremos / no entremos,entren / no entren,
vender__presente_indicativo,47,vender,vender,presente_indicativo,Presente,regular,er,no,regular,sí,vendo,vendes,vende,vendemos,venden,
vender__preterito,47,vender,vender,preterito,Pretérito,regular,er,no,regular,sí,vendí,vendiste,vendió,vendimos,vendieron,
vender__imperfecto,47,vender,vender,imperfecto,Imperfecto,regular,er,no,regular,sí,vendía,vendías,vendía,vendíamos,vendían,
vender__futuro,47,vender,vender,futuro,Futuro,regular,er,no,regular,sí,venderé,venderás,venderá,venderemos,venderán,
vender__condicional,47,vender,vender,condicional,Condicional,regular,er,no,regular,sí,vendería,venderías,vendería,venderíamos,venderían,
vender__presente_subjuntivo,47,vender,vender,presente_subjuntivo,Presente de subjuntivo,regular,er,no,regular,sí,venda,vendas,venda,vendamos,vendan,
vender__imperfecto_subjuntivo,47,vender,vender,imperfecto_subjuntivo,Imperfecto de subjuntivo,regular,er,no,regular,sí,vendiera,vendieras,vendiera,vendiéramos,vendieran,
vender__imperativo,47,vender,vender,imperativo,Imperativo,regular,er,no,regular,sí,,vende / no vendas,venda / no venda,vendamos / no vendamos,vendan / no vendan,
contar__presente_indicativo,48,contar,contar,presente_indicativo,Presente,irregular,ar,no,o→ue,sí,cuento,cuentas,cuenta,contamos,cuentan,
contar__preterito,48,contar,contar,preterito,Pretérito,regular,ar,no,regular,sí,conté,contaste,contó,contamos,contaron,
contar__imperfecto,48,contar,contar,imperfecto,Imperfecto,regular,ar,no,regular,sí,contaba,contabas,contaba,contábamos,contaban,
contar__futuro,48,contar,contar,futuro,Futuro,regular,ar,no,regular,sí,contaré,contarás,contará,contaremos,contarán,
contar__condicional,48,contar,contar,condicional,Condicional,regular,ar,no,regular,sí,contaría,contarías,contaría,contaríamos,contarían,
contar__presente_subjuntivo,48,contar,contar,presente_subjuntivo,Presente de subjuntivo,irregular,ar,no,o→ue,sí,cuente,cuentes,cuente,contemos,cuenten,
contar__imperfecto_subjuntivo,48,contar,contar,imperfecto_subjuntivo,Imperfecto de subjuntivo,regular,ar,no,regular,sí,contara,contaras,contara,contáramos,contaran,
contar__imperativo,48,contar,contar,imperativo,Imperativo,irregular,ar,no,o→ue,sí,,cuenta / no cuentes,cuente / no cuente,contemos / no contemos,cuenten / no cuenten,
conocer__presente_indicativo,49,conocer,conocer,presente_indicativo,Presente,irregular,er,no,yo→-zco,sí,conozco,conoces,conoce,conocemos,conocen,
conocer__preterito,49,conocer,conocer,preterito,Pretérito,regular,er,no,regular,sí,conocí,conociste,conoció,conocimos,conocieron,
conocer__imperfecto,49,conocer,conocer,imperfecto,Imperfecto,regular,er,no,regular,sí,conocía,conocías,conocía,conocíamos,conocían,
conocer__futuro,49,conocer,conocer,futuro,Futuro,regular,er,no,regular,sí,conoceré,conocerás,conocerá,conoceremos,conocerán,
conocer__condicional,49,conocer,conocer,condicional,Condicional,regular,er,no,regular,sí,conocería,conocerías,conocería,conoceríamos,conocerían,
conocer__presente_subjuntivo,49,conocer,conocer,presente_subjuntivo,Presente de subjuntivo,irregular,er,no,yo irregular,sí,conozca,conozcas,conozca,conozcamos,conozcan,
conocer__imperfecto_subjuntivo,49,conocer,conocer,imperfecto_subjuntivo,Imperfecto de subjuntivo,regular,er,no,regular,sí,conociera,conocieras,conociera,conociéramos,conocieran,
conocer__imperativo,49,conocer,conocer,imperativo,Imperativo,irregular,er,no,-cer→-zc-,sí,,conoce / no conozcas,conozca / no conozca,conozcamos / no conozcamos,conozcan / no conozcan,
agarrar__presente_indicativo,50,agarrar,agarrar,presente_indicativo,Presente,regular,ar,no,regular,sí,agarro,agarras,agarra,agarramos,agarran,
agarrar__preterito,50,agarrar,agarrar,preterito,Pretérito,regular,ar,no,regular,sí,agarré,agarraste,agarró,agarramos,agarraron,
agarrar__imperfecto,50,agarrar,agarrar,imperfecto,Imperfecto,regular,ar,no,regular,sí,agarraba,agarrabas,agarraba,agarrábamos,agarraban,
agarrar__futuro,50,agarrar,agarrar,futuro,Futuro,regular,ar,no,regular,sí,agarraré,agarrarás,agarrará,agarraremos,agarrarán,
agarrar__condicional,50,agarrar,agarrar,condicional,Condicional,regular,ar,no,regular,sí,agarraría,agarrarías,agarraría,agarraríamos,agarrarían,
agarrar__presente_subjuntivo,50,agarrar,agarrar,presente_subjuntivo,Presente de subjuntivo,regular,ar,no,regular,sí,agarre,agarres,agarre,agarremos,agarren,
agarrar__imperfecto_subjuntivo,50,agarrar,agarrar,imperfecto_subjuntivo,Imperfecto de subjuntivo,regular,ar,no,regular,sí,agarrara,agarraras,agarrara,agarráramos,agarraran,
agarrar__imperativo,50,agarrar,agarrar,imperativo,Imperativo,regular,ar,no,regular,sí,,agarra / no agarres,agarre / no agarre,agarremos / no agarremos,agarren / no agarren,
deber__presente_indicativo,51,deber,deber,presente_indicativo,Presente,regular,er,no,regular,sí,debo,debes,debe,debemos,deben,
deber__preterito,51,deber,deber,preterito,Pretérito,regular,er,no,regular,sí,debí,debiste,debió,debimos,debieron,
deber__imperfecto,51,deber,deber,imperfecto,Imperfecto,regular,er,no,regular,sí,debía,debías,debía,debíamos,debían,
deber__futuro,51,deber,deber,futuro,Futuro,regular,er,no,regular,sí,deberé,deberás,deberá,deberemos,deberán,
deber__condicional,51,deber,deber,condicional,Condicional,regular,er,no,regular,sí,debería,deberías,debería,deberíamos,deberían,
deber__presente_subjuntivo,51,deber,deber,presente_subjuntivo,Presente de subjuntivo,regular,er,no,regular,sí,deba,debas,deba,debamos,deban,
deber__imperfecto_subjuntivo,51,deber,deber,imperfecto_subjuntivo,Imperfecto de subjuntivo,regular,er,no,regular,sí,debiera,debieras,debiera,debiéramos,debieran,
deber__imperativo,51,deber,deber,imperativo,Imperativo,regular,er,no,regular,sí,,debe / no debas,deba / no deba,debamos / no debamos,deban / no deban,
chingar__presente_indicativo,52,chingar,chingar,presente_indicativo,Presente,regular,ar,no,regular,sí,chingo,chingas,chinga,chingamos,chingan,
chingar__preterito,52,chingar,chingar,preterito,Pretérito,irregular,ar,no,cambio ortográfico,sí,chingué,chingaste,chingó,chingamos,chingaron,
chingar__imperfecto,52,chingar,chingar,imperfecto,Imperfecto,regular,ar,no,regular,sí,chingaba,chingabas,chingaba,chingábamos,chingaban,
chingar__futuro,52,chingar,chingar,futuro,Futuro,regular,ar,no,regular,sí,chingaré,chingarás,chingará,chingaremos,chingarán,
chingar__condicional,52,chingar,chingar,condicional,Condicional,regular,ar,no,regular,sí,chingaría,chingarías,chingaría,chingaríamos,chingarían,
chingar__presente_subjuntivo,52,chingar,chingar,presente_subjuntivo,Presente de subjuntivo,irregular,ar,no,cambio ortográfico,sí,chingue,chingues,chingue,chinguemos,chinguen,
chingar__imperfecto_subjuntivo,52,chingar,chingar,imperfecto_subjuntivo,Imperfecto de subjuntivo,regular,ar,no,regular,sí,chingara,chingaras,chingara,chingáramos,chingaran,
chingar__imperativo,52,chingar,chingar,imperativo,Imperativo,irregular,ar,no,cambio ortográfico,sí,,chinga / no chingues,chingue / no chingue,chinguemos / no chinguemos,chinguen / no chinguen,
morir__presente_indicativo,53,morir,morir,presente_indicativo,Presente,irregular,ir,no,o→ue,sí,muero,mueres,muere,morimos,mueren,
morir__preterito,53,morir,morir,preterito,Pretérito,irregular,ir,no,o→u (3.ª persona),sí,morí,moriste,murió,morimos,murieron,
morir__imperfecto,53,morir,morir,imperfecto,Imperfecto,regular,ir,no,regular,sí,moría,morías,moría,moríamos,morían,
morir__futuro,53,morir,morir,futuro,Futuro,regular,ir,no,regular,sí,moriré,morirás,morirá,moriremos,morirán,
morir__condicional,53,morir,morir,condicional,Condicional,regular,ir,no,regular,sí,moriría,morirías,moriría,moriríamos,morirían,
morir__presente_subjuntivo,53,morir,morir,presente_subjuntivo,Presente de subjuntivo,irregular,ir,no,o→ue/o→u (-ir),sí,muera,mueras,muera,muramos,mueran,
morir__imperfecto_subjuntivo,53,morir,morir,imperfecto_subjuntivo,Imperfecto de subjuntivo,irregular,ir,no,o→u,sí,muriera,murieras,muriera,muriéramos,murieran,
morir__imperativo,53,morir,morir,imperativo,Imperativo,irregular,ir,no,o→ue/o→u (-ir),sí,,muere / no mueras,muera / no muera,muramos / no muramos,mueran / no mueran,
regresar__presente_indicativo,54,regresar,regresar,presente_indicativo,Presente,regular,ar,no,regular,sí,regreso,regresas,regresa,regresamos,regresan,
regresar__preterito,54,regresar,regresar,preterito,Pretérito,regular,ar,no,regular,sí,regresé,regresaste,regresó,regresamos,regresaron,
regresar__imperfecto,54,regresar,regresar,imperfecto,Imperfecto,regular,ar,no,regular,sí,regresaba,regresabas,regresaba,regresábamos,regresaban,
regresar__futuro,54,regresar,regresar,futuro,Futuro,regular,ar,no,regular,sí,regresaré,regresarás,regresará,regresaremos,regresarán,
regresar__condicional,54,regresar,regresar,condicional,Condicional,regular,ar,no,regular,sí,regresaría,regresarías,regresaría,regresaríamos,regresarían,
regresar__presente_subjuntivo,54,regresar,regresar,presente_subjuntivo,Presente de subjuntivo,regular,ar,no,regular,sí,regrese,regreses,regrese,regresemos,regresen,
regresar__imperfecto_subjuntivo,54,regresar,regresar,imperfecto_subjuntivo,Imperfecto de subjuntivo,regular,ar,no,regular,sí,regresara,regresaras,regresara,regresáramos,regresaran,
regresar__imperativo,54,regresar,regresar,imperativo,Imperativo,regular,ar,no,regular,sí,,regresa / no regreses,regrese / no regrese,regresemos / no regresemos,regresen / no regresen,
ganar__presente_indicativo,55,ganar,ganar,presente_indicativo,Presente,regular,ar,no,regular,sí,gano,ganas,gana,ganamos,ganan,
ganar__preterito,55,ganar,ganar,preterito,Pretérito,regular,ar,no,regular,sí,gané,ganaste,ganó,ganamos,ganaron,
ganar__imperfecto,55,ganar,ganar,imperfecto,Imperfecto,regular,ar,no,regular,sí,ganaba,ganabas,ganaba,ganábamos,ganaban,
ganar__futuro,55,ganar,ganar,futuro,Futuro,regular,ar,no,regular,sí,ganaré,ganarás,ganará,ganaremos,ganarán,
ganar__condicional,55,ganar,ganar,condicional,Condicional,regular,ar,no,regular,sí,ganaría,ganarías,ganaría,ganaríamos,ganarían,
ganar__presente_subjuntivo,55,ganar,ganar,presente_subjuntivo,Presente de subjuntivo,regular,ar,no,regular,sí,gane,ganes,gane,ganemos,ganen,
ganar__imperfecto_subjuntivo,55,ganar,ganar,imperfecto_subjuntivo,Imperfecto de subjuntivo,regular,ar,no,regular,sí,ganara,ganaras,ganara,ganáramos,ganaran,
ganar__imperativo,55,ganar,ganar,imperativo,Imperativo,regular,ar,no,regular,sí,,gana / no ganes,gane / no gane,ganemos / no ganemos,ganen / no ganen,
entender__presente_indicativo,56,entender,entender,presente_indicativo,Presente,irregular,er,no,e→ie,sí,entiendo,entiendes,entiende,entendemos,entienden,
entender__preterito,56,entender,entender,preterito,Pretérito,regular,er,no,regular,sí,entendí,entendiste,entendió,entendimos,entendieron,
entender__imperfecto,56,entender,entender,imperfecto,Imperfecto,regular,er,no,regular,sí,entendía,entendías,entendía,entendíamos,entendían,
entender__futuro,56,entender,entender,futuro,Futuro,regular,er,no,regular,sí,entenderé,entenderás,entenderá,entenderemos,entenderán,
entender__condicional,56,entender,entender,condicional,Condicional,regular,er,no,regular,sí,entendería,entenderías,entendería,entenderíamos,entenderían,
entender__presente_subjuntivo,56,entender,entender,presente_subjuntivo,Presente de subjuntivo,irregular,er,no,e→ie,sí,entienda,entiendas,entienda,entendamos,entiendan,
entender__imperfecto_subjuntivo,56,entender,entender,imperfecto_subjuntivo,Imperfecto de subjuntivo,regular,er,no,regular,sí,entendiera,entendieras,entendiera,entendiéramos,entendieran,
entender__imperativo,56,entender,entender,imperativo,Imperativo,irregular,er,no,e→ie,sí,,entiende / no entiendas,entienda / no entienda,entendamos / no entendamos,entiendan / no entiendan,
tocar__presente_indicativo,57,tocar,tocar,presente_indicativo,Presente,regular,ar,no,regular,sí,toco,tocas,toca,tocamos,tocan,
tocar__preterito,57,tocar,tocar,preterito,Pretérito,irregular,ar,no,cambio ortográfico,sí,toqué,tocaste,tocó,tocamos,tocaron,
tocar__imperfecto,57,tocar,tocar,imperfecto,Imperfecto,regular,ar,no,regular,sí,tocaba,tocabas,tocaba,tocábamos,tocaban,
tocar__futuro,57,tocar,tocar,futuro,Futuro,regular,ar,no,regular,sí,tocaré,tocarás,tocará,tocaremos,tocarán,
tocar__condicional,57,tocar,tocar,condicional,Condicional,regular,ar,no,regular,sí,tocaría,tocarías,tocaría,tocaríamos,tocarían,
tocar__presente_subjuntivo,57,tocar,tocar,presente_subjuntivo,Presente de subjuntivo,irregular,ar,no,cambio ortográfico,sí,toque,toques,toque,toquemos,toquen,
tocar__imperfecto_subjuntivo,57,tocar,tocar,imperfecto_subjuntivo,Imperfecto de subjuntivo,regular,ar,no,regular,sí,tocara,tocaras,tocara,tocáramos,tocaran,
tocar__imperativo,57,tocar,tocar,imperativo,Imperativo,irregular,ar,no,cambio ortográfico,sí,,toca / no toques,toque / no toque,toquemos / no toquemos,toquen / no toquen,
echar__presente_indicativo,58,echar,echar,presente_indicativo,Presente,regular,ar,no,regular,sí,echo,echas,echa,echamos,echan,
echar__preterito,58,echar,echar,preterito,Pretérito,regular,ar,no,regular,sí,eché,echaste,echó,echamos,echaron,
echar__imperfecto,58,echar,echar,imperfecto,Imperfecto,regular,ar,no,regular,sí,echaba,echabas,echaba,echábamos,echaban,
echar__futuro,58,echar,echar,futuro,Futuro,regular,ar,no,regular,sí,echaré,echarás,echará,echaremos,echarán,
echar__condicional,58,echar,echar,condicional,Condicional,regular,ar,no,regular,sí,echaría,echarías,echaría,echaríamos,echarían,
echar__presente_subjuntivo,58,echar,echar,presente_subjuntivo,Presente de subjuntivo,regular,ar,no,regular,sí,eche,eches,eche,echemos,echen,
echar__imperfecto_subjuntivo,58,echar,echar,imperfecto_subjuntivo,Imperfecto de subjuntivo,regular,ar,no,regular,sí,echara,echaras,echara,echáramos,echaran,
echar__imperativo,58,echar,echar,imperativo,Imperativo,regular,ar,no,regular,sí,,echa / no eches,eche / no eche,echemos / no echemos,echen / no echen,
subir__presente_indicativo,59,subir,subir,presente_indicativo,Presente,regular,ir,no,regular,sí,subo,subes,sube,subimos,suben,
subir__preterito,59,subir,subir,preterito,Pretérito,regular,ir,no,regular,sí,subí,subiste,subió,subimos,subieron,
subir__imperfecto,59,subir,subir,imperfecto,Imperfecto,regular,ir,no,regular,sí,subía,subías,subía,subíamos,subían,
subir__futuro,59,subir,subir,futuro,Futuro,regular,ir,no,regular,sí,subiré,subirás,subirá,subiremos,subirán,
subir__condicional,59,subir,subir,condicional,Condicional,regular,ir,no,regular,sí,subiría,subirías,subiría,subiríamos,subirían,
subir__presente_subjuntivo,59,subir,subir,presente_subjuntivo,Presente de subjuntivo,regular,ir,no,regular,sí,suba,subas,suba,subamos,suban,
subir__imperfecto_subjuntivo,59,subir,subir,imperfecto_subjuntivo,Imperfecto de subjuntivo,regular,ir,no,regular,sí,subiera,subieras,subiera,subiéramos,subieran,
subir__imperativo,59,subir,subir,imperativo,Imperativo,regular,ir,no,regular,sí,,sube / no subas,suba / no suba,subamos / no subamos,suban / no suban,
escuchar__presente_indicativo,60,escuchar,escuchar,presente_indicativo,Presente,regular,ar,no,regular,sí,escucho,escuchas,escucha,escuchamos,escuchan,
escuchar__preterito,60,escuchar,escuchar,preterito,Pretérito,regular,ar,no,regular,sí,escuché,escuchaste,escuchó,escuchamos,escucharon,
escuchar__imperfecto,60,escuchar,escuchar,imperfecto,Imperfecto,regular,ar,no,regular,sí,escuchaba,escuchabas,escuchaba,escuchábamos,escuchaban,
escuchar__futuro,60,escuchar,escuchar,futuro,Futuro,regular,ar,no,regular,sí,escucharé,escucharás,escuchará,escucharemos,escucharán,
escuchar__condicional,60,escuchar,escuchar,condicional,Condicional,regular,ar,no,regular,sí,escucharía,escucharías,escucharía,escucharíamos,escucharían,
escuchar__presente_subjuntivo,60,escuchar,escuchar,presente_subjuntivo,Presente de subjuntivo,regular,ar,no,regular,sí,escuche,escuches,escuche,escuchemos,escuchen,
escuchar__imperfecto_subjuntivo,60,escuchar,escuchar,imperfecto_subjuntivo,Imperfecto de subjuntivo,regular,ar,no,regular,sí,escuchara,escucharas,escuchara,escucháramos,escucharan,
escuchar__imperativo,60,escuchar,escuchar,imperativo,Imperativo,regular,ar,no,regular,sí,,escucha / no escuches,escuche / no escuche,escuchemos / no escuchemos,escuchen / no escuchen,
meter__presente_indicativo,61,meter,meter,presente_indicativo,Presente,regular,er,no,regular,sí,meto,metes,mete,metemos,meten,
meter__preterito,61,meter,meter,preterito,Pretérito,regular,er,no,regular,sí,metí,metiste,metió,metimos,metieron,
meter__imperfecto,61,meter,meter,imperfecto,Imperfecto,regular,er,no,regular,sí,metía,metías,metía,metíamos,metían,
meter__futuro,61,meter,meter,futuro,Futuro,regular,er,no,regular,sí,meteré,meterás,meterá,meteremos,meterán,
meter__condicional,61,meter,meter,condicional,Condicional,regular,er,no,regular,sí,metería,meterías,metería,meteríamos,meterían,
meter__presente_subjuntivo,61,meter,meter,presente_subjuntivo,Presente de subjuntivo,regular,er,no,regular,sí,meta,metas,meta,metamos,metan,
meter__imperfecto_subjuntivo,61,meter,meter,imperfecto_subjuntivo,Imperfecto de subjuntivo,regular,er,no,regular,sí,metiera,metieras,metiera,metiéramos,metieran,
meter__imperativo,61,meter,meter,imperativo,Imperativo,regular,er,no,regular,sí,,mete / no metas,meta / no meta,metamos / no metamos,metan / no metan,
sentirse__presente_indicativo,62,sentirse,sentir,presente_indicativo,Presente,irregular,ir,sí,e→ie,sí,me siento,te sientes,se siente,nos sentimos,se sienten,
sentirse__preterito,62,sentirse,sentir,preterito,Pretérito,irregular,ir,sí,e→i (3.ª persona),sí,me sentí,te sentiste,se sintió,nos sentimos,se sintieron,
sentirse__imperfecto,62,sentirse,sentir,imperfecto,Imperfecto,regular,ir,sí,regular,sí,me sentía,te sentías,se sentía,nos sentíamos,se sentían,
sentirse__futuro,62,sentirse,sentir,futuro,Futuro,regular,ir,sí,regular,sí,me sentiré,te sentirás,se sentirá,nos sentiremos,se sentirán,
sentirse__condicional,62,sentirse,sentir,condicional,Condicional,regular,ir,sí,regular,sí,me sentiría,te sentirías,se sentiría,nos sentiríamos,se sentirían,
sentirse__presente_subjuntivo,62,sentirse,sentir,presente_subjuntivo,Presente de subjuntivo,irregular,ir,sí,e→ie/e→i (-ir),sí,me sienta,te sientas,se sienta,nos sintamos,se sientan,
sentirse__imperfecto_subjuntivo,62,sentirse,sentir,imperfecto_subjuntivo,Imperfecto de subjuntivo,irregular,ir,sí,e→i,sí,me sintiera,te sintieras,se sintiera,nos sintiéramos,se sintieran,
sentirse__imperativo,62,sentirse,sentir,imperativo,Imperativo,irregular,ir,sí,e→ie/e→i (-ir),sí,,siéntete / no te sientas,siéntase / no se sienta,sintámonos / no nos sintamos,siéntanse / no se sientan,
bañar__presente_indicativo,63,bañar,bañar,presente_indicativo,Presente,regular,ar,no,regular,sí,baño,bañas,baña,bañamos,bañan,
bañar__preterito,63,bañar,bañar,preterito,Pretérito,regular,ar,no,regular,sí,bañé,bañaste,bañó,bañamos,bañaron,
bañar__imperfecto,63,bañar,bañar,imperfecto,Imperfecto,regular,ar,no,regular,sí,bañaba,bañabas,bañaba,bañábamos,bañaban,
bañar__futuro,63,bañar,bañar,futuro,Futuro,regular,ar,no,regular,sí,bañaré,bañarás,bañará,bañaremos,bañarán,
bañar__condicional,63,bañar,bañar,condicional,Condicional,regular,ar,no,regular,sí,bañaría,bañarías,bañaría,bañaríamos,bañarían,
bañar__presente_subjuntivo,63,bañar,bañar,presente_subjuntivo,Presente de subjuntivo,regular,ar,no,regular,sí,bañe,bañes,bañe,bañemos,bañen,
bañar__imperfecto_subjuntivo,63,bañar,bañar,imperfecto_subjuntivo,Imperfecto de subjuntivo,regular,ar,no,regular,sí,bañara,bañaras,bañara,bañáramos,bañaran,
bañar__imperativo,63,bañar,bañar,imperativo,Imperativo,regular,ar,no,regular,sí,,baña / no bañes,bañe / no bañe,bañemos / no bañemos,bañen / no bañen,
buscar__presente_indicativo,64,buscar,buscar,presente_indicativo,Presente,regular,ar,no,regular,sí,busco,buscas,busca,buscamos,buscan,
buscar__preterito,64,buscar,buscar,preterito,Pretérito,irregular,ar,no,cambio ortográfico,sí,busqué,buscaste,buscó,buscamos,buscaron,
buscar__imperfecto,64,buscar,buscar,imperfecto,Imperfecto,regular,ar,no,regular,sí,buscaba,buscabas,buscaba,buscábamos,buscaban,
buscar__futuro,64,buscar,buscar,futuro,Futuro,regular,ar,no,regular,sí,buscaré,buscarás,buscará,buscaremos,buscarán,
buscar__condicional,64,buscar,buscar,condicional,Condicional,regular,ar,no,regular,sí,buscaría,buscarías,buscaría,buscaríamos,buscarían,
buscar__presente_subjuntivo,64,buscar,buscar,presente_subjuntivo,Presente de subjuntivo,irregular,ar,no,cambio ortográfico,sí,busque,busques,busque,busquemos,busquen,
buscar__imperfecto_subjuntivo,64,buscar,buscar,imperfecto_subjuntivo,Imperfecto de subjuntivo,regular,ar,no,regular,sí,buscara,buscaras,buscara,buscáramos,buscaran,
buscar__imperativo,64,buscar,buscar,imperativo,Imperativo,irregular,ar,no,cambio ortográfico,sí,,busca / no busques,busque / no busque,busquemos / no busquemos,busquen / no busquen,
esperar__presente_indicativo,65,esperar,esperar,presente_indicativo,Presente,regular,ar,no,regular,sí,espero,esperas,espera,esperamos,esperan,
esperar__preterito,65,esperar,esperar,preterito,Pretérito,regular,ar,no,regular,sí,esperé,esperaste,esperó,esperamos,esperaron,
esperar__imperfecto,65,esperar,esperar,imperfecto,Imperfecto,regular,ar,no,regular,sí,esperaba,esperabas,esperaba,esperábamos,esperaban,
esperar__futuro,65,esperar,esperar,futuro,Futuro,regular,ar,no,regular,sí,esperaré,esperarás,esperará,esperaremos,esperarán,
esperar__condicional,65,esperar,esperar,condicional,Condicional,regular,ar,no,regular,sí,esperaría,esperarías,esperaría,esperaríamos,esperarían,
esperar__presente_subjuntivo,65,esperar,esperar,presente_subjuntivo,Presente de subjuntivo,regular,ar,no,regular,sí,espere,esperes,espere,esperemos,esperen,
esperar__imperfecto_subjuntivo,65,esperar,esperar,imperfecto_subjuntivo,Imperfecto de subjuntivo,regular,ar,no,regular,sí,esperara,esperaras,esperara,esperáramos,esperaran,
esperar__imperativo,65,esperar,esperar,imperativo,Imperativo,regular,ar,no,regular,sí,,espera / no esperes,espere / no espere,esperemos / no esperemos,esperen / no esperen,
caer__presente_indicativo,66,caer,caer,presente_indicativo,Presente,irregular,er,no,yo→-go,sí,caigo,caes,cae,caemos,caen,
caer__preterito,66,caer,caer,preterito,Pretérito,irregular,er,no,i→y,sí,caí,caíste,cayó,caímos,cayeron,
caer__imperfecto,66,caer,caer,imperfecto,Imperfecto,regular,er,no,regular,sí,caía,caías,caía,caíamos,caían,
caer__futuro,66,caer,caer,futuro,Futuro,regular,er,no,regular,sí,caeré,caerás,caerá,caeremos,caerán,
caer__condicional,66,caer,caer,condicional,Condicional,regular,er,no,regular,sí,caería,caerías,caería,caeríamos,caerían,
caer__presente_subjuntivo,66,caer,caer,presente_subjuntivo,Presente de subjuntivo,irregular,er,no,yo irregular,sí,caiga,caigas,caiga,caigamos,caigan,
caer__imperfecto_subjuntivo,66,caer,caer,imperfecto_subjuntivo,Imperfecto de subjuntivo,irregular,er,no,i→y,sí,cayera,cayeras,cayera,cayéramos,cayeran,
caer__imperativo,66,caer,caer,imperativo,Imperativo,irregular,er,no,yo irregular,sí,,cae / no caigas,caiga / no caiga,caigamos / no caigamos,caigan / no caigan,
ponerse__presente_indicativo,67,ponerse,poner,presente_indicativo,Presente,irregular,er,sí,yo→-go,sí,me pongo,te pones,se pone,nos ponemos,se ponen,
ponerse__preterito,67,ponerse,poner,preterito,Pretérito,irregular,er,sí,raíz irregular,sí,me puse,te pusiste,se puso,nos pusimos,se pusieron,
ponerse__imperfecto,67,ponerse,poner,imperfecto,Imperfecto,regular,er,sí,regular,sí,me ponía,te ponías,se ponía,nos poníamos,se ponían,
ponerse__futuro,67,ponerse,poner,futuro,Futuro,irregular,er,sí,raíz irregular,sí,me pondré,te pondrás,se pondrá,nos pondremos,se pondrán,
ponerse__condicional,67,ponerse,poner,condicional,Condicional,irregular,er,sí,raíz irregular,sí,me pondría,te pondrías,se pondría,nos pondríamos,se pondrían,
ponerse__presente_subjuntivo,67,ponerse,poner,presente_subjuntivo,Presente de subjuntivo,irregular,er,sí,yo irregular,sí,me ponga,te pongas,se ponga,nos pongamos,se pongan,
ponerse__imperfecto_subjuntivo,67,ponerse,poner,imperfecto_subjuntivo,Imperfecto de subjuntivo,irregular,er,sí,raíz irregular,sí,me pusiera,te pusieras,se pusiera,nos pusiéramos,se pusieran,
ponerse__imperativo,67,ponerse,poner,imperativo,Imperativo,irregular,er,sí,muy irregular,sí,,ponte / no te pongas,póngase / no se ponga,pongámonos / no nos pongamos,pónganse / no se pongan,
quitar__presente_indicativo,68,quitar,quitar,presente_indicativo,Presente,regular,ar,no,regular,sí,quito,quitas,quita,quitamos,quitan,
quitar__preterito,68,quitar,quitar,preterito,Pretérito,regular,ar,no,regular,sí,quité,quitaste,quitó,quitamos,quitaron,
quitar__imperfecto,68,quitar,quitar,imperfecto,Imperfecto,regular,ar,no,regular,sí,quitaba,quitabas,quitaba,quitábamos,quitaban,
quitar__futuro,68,quitar,quitar,futuro,Futuro,regular,ar,no,regular,sí,quitaré,quitarás,quitará,quitaremos,quitarán,
quitar__condicional,68,quitar,quitar,condicional,Condicional,regular,ar,no,regular,sí,quitaría,quitarías,quitaría,quitaríamos,quitarían,
quitar__presente_subjuntivo,68,quitar,quitar,presente_subjuntivo,Presente de subjuntivo,regular,ar,no,regular,sí,quite,quites,quite,quitemos,quiten,
quitar__imperfecto_subjuntivo,68,quitar,quitar,imperfecto_subjuntivo,Imperfecto de subjuntivo,regular,ar,no,regular,sí,quitara,quitaras,quitara,quitáramos,quitaran,
quitar__imperativo,68,quitar,quitar,imperativo,Imperativo,regular,ar,no,regular,sí,,quita / no quites,quite / no quite,quitemos / no quitemos,quiten / no quiten,
cambiar__presente_indicativo,69,cambiar,cambiar,presente_indicativo,Presente,regular,ar,no,regular,sí,cambio,cambias,cambia,cambiamos,cambian,
cambiar__preterito,69,cambiar,cambiar,preterito,Pretérito,regular,ar,no,regular,sí,cambié,cambiaste,cambió,cambiamos,cambiaron,
cambiar__imperfecto,69,cambiar,cambiar,imperfecto,Imperfecto,regular,ar,no,regular,sí,cambiaba,cambiabas,cambiaba,cambiábamos,cambiaban,
cambiar__futuro,69,cambiar,cambiar,futuro,Futuro,regular,ar,no,regular,sí,cambiaré,cambiarás,cambiará,cambiaremos,cambiarán,
cambiar__condicional,69,cambiar,cambiar,condicional,Condicional,regular,ar,no,regular,sí,cambiaría,cambiarías,cambiaría,cambiaríamos,cambiarían,
cambiar__presente_subjuntivo,69,cambiar,cambiar,presente_subjuntivo,Presente de subjuntivo,regular,ar,no,regular,sí,cambie,cambies,cambie,cambiemos,cambien,
cambiar__imperfecto_subjuntivo,69,cambiar,cambiar,imperfecto_subjuntivo,Imperfecto de subjuntivo,regular,ar,no,regular,sí,cambiara,cambiaras,cambiara,cambiáramos,cambiaran,
cambiar__imperativo,69,cambiar,cambiar,imperativo,Imperativo,regular,ar,no,regular,sí,,cambia / no cambies,cambie / no cambie,cambiemos / no cambiemos,cambien / no cambien,
terminar__presente_indicativo,70,terminar,terminar,presente_indicativo,Presente,regular,ar,no,regular,sí,termino,terminas,termina,terminamos,terminan,
terminar__preterito,70,terminar,terminar,preterito,Pretérito,regular,ar,no,regular,sí,terminé,terminaste,terminó,terminamos,terminaron,
terminar__imperfecto,70,terminar,terminar,imperfecto,Imperfecto,regular,ar,no,regular,sí,terminaba,terminabas,terminaba,terminábamos,terminaban,
terminar__futuro,70,terminar,terminar,futuro,Futuro,regular,ar,no,regular,sí,terminaré,terminarás,terminará,terminaremos,terminarán,
terminar__condicional,70,terminar,terminar,condicional,Condicional,regular,ar,no,regular,sí,terminaría,terminarías,terminaría,terminaríamos,terminarían,
terminar__presente_subjuntivo,70,terminar,terminar,presente_subjuntivo,Presente de subjuntivo,regular,ar,no,regular,sí,termine,termines,termine,terminemos,terminen,
terminar__imperfecto_subjuntivo,70,terminar,terminar,imperfecto_subjuntivo,Imperfecto de subjuntivo,regular,ar,no,regular,sí,terminara,terminaras,terminara,termináramos,terminaran,
terminar__imperativo,70,terminar,terminar,imperativo,Imperativo,regular,ar,no,regular,sí,,termina / no termines,termine / no termine,terminemos / no terminemos,terminen / no terminen,
fijarse__presente_indicativo,71,fijarse,fijar,presente_indicativo,Presente,regular,ar,sí,regular,sí,me fijo,te fijas,se fija,nos fijamos,se fijan,
fijarse__preterito,71,fijarse,fijar,preterito,Pretérito,regular,ar,sí,regular,sí,me fijé,te fijaste,se fijó,nos fijamos,se fijaron,
fijarse__imperfecto,71,fijarse,fijar,imperfecto,Imperfecto,regular,ar,sí,regular,sí,me fijaba,te fijabas,se fijaba,nos fijábamos,se fijaban,
fijarse__futuro,71,fijarse,fijar,futuro,Futuro,regular,ar,sí,regular,sí,me fijaré,te fijarás,se fijará,nos fijaremos,se fijarán,
fijarse__condicional,71,fijarse,fijar,condicional,Condicional,regular,ar,sí,regular,sí,me fijaría,te fijarías,se fijaría,nos fijaríamos,se fijarían,
fijarse__presente_subjuntivo,71,fijarse,fijar,presente_subjuntivo,Presente de subjuntivo,regular,ar,sí,regular,sí,me fije,te fijes,se fije,nos fijemos,se fijen,
fijarse__imperfecto_subjuntivo,71,fijarse,fijar,imperfecto_subjuntivo,Imperfecto de subjuntivo,regular,ar,sí,regular,sí,me fijara,te fijaras,se fijara,nos fijáramos,se fijaran,
fijarse__imperativo,71,fijarse,fijar,imperativo,Imperativo,regular,ar,sí,regular,sí,,fíjate / no te fijes,fíjese / no se fije,fijémonos / no nos fijemos,fíjense / no se fijen,
lavar__presente_indicativo,72,lavar,lavar,presente_indicativo,Presente,regular,ar,no,regular,sí,lavo,lavas,lava,lavamos,lavan,
lavar__preterito,72,lavar,lavar,preterito,Pretérito,regular,ar,no,regular,sí,lavé,lavaste,lavó,lavamos,lavaron,
lavar__imperfecto,72,lavar,lavar,imperfecto,Imperfecto,regular,ar,no,regular,sí,lavaba,lavabas,lavaba,lavábamos,lavaban,
lavar__futuro,72,lavar,lavar,futuro,Futuro,regular,ar,no,regular,sí,lavaré,lavarás,lavará,lavaremos,lavarán,
lavar__condicional,72,lavar,lavar,condicional,Condicional,regular,ar,no,regular,sí,lavaría,lavarías,lavaría,lavaríamos,lavarían,
lavar__presente_subjuntivo,72,lavar,lavar,presente_subjuntivo,Presente de subjuntivo,regular,ar,no,regular,sí,lave,laves,lave,lavemos,laven,
lavar__imperfecto_subjuntivo,72,lavar,lavar,imperfecto_subjuntivo,Imperfecto de subjuntivo,regular,ar,no,regular,sí,lavara,lavaras,lavara,laváramos,lavaran,
lavar__imperativo,72,lavar,lavar,imperativo,Imperativo,regular,ar,no,regular,sí,,lava / no laves,lave / no lave,lavemos / no lavemos,laven / no laven,
necesitar__presente_indicativo,73,necesitar,necesitar,presente_indicativo,Presente,regular,ar,no,regular,sí,necesito,necesitas,necesita,necesitamos,necesitan,
necesitar__preterito,73,necesitar,necesitar,preterito,Pretérito,regular,ar,no,regular,sí,necesité,necesitaste,necesitó,necesitamos,necesitaron,
necesitar__imperfecto,73,necesitar,necesitar,imperfecto,Imperfecto,regular,ar,no,regular,sí,necesitaba,necesitabas,necesitaba,necesitábamos,necesitaban,
necesitar__futuro,73,necesitar,necesitar,futuro,Futuro,regular,ar,no,regular,sí,necesitaré,necesitarás,necesitará,necesitaremos,necesitarán,
necesitar__condicional,73,necesitar,necesitar,condicional,Condicional,regular,ar,no,regular,sí,necesitaría,necesitarías,necesitaría,necesitaríamos,necesitarían,
necesitar__presente_subjuntivo,73,necesitar,necesitar,presente_subjuntivo,Presente de subjuntivo,regular,ar,no,regular,sí,necesite,necesites,necesite,necesitemos,necesiten,
necesitar__imperfecto_subjuntivo,73,necesitar,necesitar,imperfecto_subjuntivo,Imperfecto de subjuntivo,regular,ar,no,regular,sí,necesitara,necesitaras,necesitara,necesitáramos,necesitaran,
necesitar__imperativo,73,necesitar,necesitar,imperativo,Imperativo,regular,ar,no,regular,sí,,necesita / no necesites,necesite / no necesite,necesitemos / no necesitemos,necesiten / no necesiten,
bajar__presente_indicativo,74,bajar,bajar,presente_indicativo,Presente,regular,ar,no,regular,sí,bajo,bajas,baja,bajamos,bajan,
bajar__preterito,74,bajar,bajar,preterito,Pretérito,regular,ar,no,regular,sí,bajé,bajaste,bajó,bajamos,bajaron,
bajar__imperfecto,74,bajar,bajar,imperfecto,Imperfecto,regular,ar,no,regular,sí,bajaba,bajabas,bajaba,bajábamos,bajaban,
bajar__futuro,74,bajar,bajar,futuro,Futuro,regular,ar,no,regular,sí,bajaré,bajarás,bajará,bajaremos,bajarán,
bajar__condicional,74,bajar,bajar,condicional,Condicional,regular,ar,no,regular,sí,bajaría,bajarías,bajaría,bajaríamos,bajarían,
bajar__presente_subjuntivo,74,bajar,bajar,presente_subjuntivo,Presente de subjuntivo,regular,ar,no,regular,sí,baje,bajes,baje,bajemos,bajen,
bajar__imperfecto_subjuntivo,74,bajar,bajar,imperfecto_subjuntivo,Imperfecto de subjuntivo,regular,ar,no,regular,sí,bajara,bajaras,bajara,bajáramos,bajaran,
bajar__imperativo,74,bajar,bajar,imperativo,Imperativo,regular,ar,no,regular,sí,,baja / no bajes,baje / no baje,bajemos / no bajemos,bajen / no bajen,
abrir__presente_indicativo,75,abrir,abrir,presente_indicativo,Presente,regular,ir,no,regular,sí,abro,abres,abre,abrimos,abren,
abrir__preterito,75,abrir,abrir,preterito,Pretérito,regular,ir,no,regular,sí,abrí,abriste,abrió,abrimos,abrieron,
abrir__imperfecto,75,abrir,abrir,imperfecto,Imperfecto,regular,ir,no,regular,sí,abría,abrías,abría,abríamos,abrían,
abrir__futuro,75,abrir,abrir,futuro,Futuro,regular,ir,no,regular,sí,abriré,abrirás,abrirá,abriremos,abrirán,
abrir__condicional,75,abrir,abrir,condicional,Condicional,regular,ir,no,regular,sí,abriría,abrirías,abriría,abriríamos,abrirían,
abrir__presente_subjuntivo,75,abrir,abrir,presente_subjuntivo,Presente de subjuntivo,regular,ir,no,regular,sí,abra,abras,abra,abramos,abran,
abrir__imperfecto_subjuntivo,75,abrir,abrir,imperfecto_subjuntivo,Imperfecto de subjuntivo,regular,ir,no,regular,sí,abriera,abrieras,abriera,abriéramos,abrieran,
abrir__imperativo,75,abrir,abrir,imperativo,Imperativo,regular,ir,no,regular,sí,,abre / no abras,abra / no abra,abramos / no abramos,abran / no abran,
acabar__presente_indicativo,76,acabar,acabar,presente_indicativo,Presente,regular,ar,no,regular,sí,acabo,acabas,acaba,acabamos,acaban,
acabar__preterito,76,acabar,acabar,preterito,Pretérito,regular,ar,no,regular,sí,acabé,acabaste,acabó,acabamos,acabaron,
acabar__imperfecto,76,acabar,acabar,imperfecto,Imperfecto,regular,ar,no,regular,sí,acababa,acababas,acababa,acabábamos,acababan,
acabar__futuro,76,acabar,acabar,futuro,Futuro,regular,ar,no,regular,sí,acabaré,acabarás,acabará,acabaremos,acabarán,
acabar__condicional,76,acabar,acabar,condicional,Condicional,regular,ar,no,regular,sí,acabaría,acabarías,acabaría,acabaríamos,acabarían,
acabar__presente_subjuntivo,76,acabar,acabar,presente_subjuntivo,Presente de subjuntivo,regular,ar,no,regular,sí,acabe,acabes,acabe,acabemos,acaben,
acabar__imperfecto_subjuntivo,76,acabar,acabar,imperfecto_subjuntivo,Imperfecto de subjuntivo,regular,ar,no,regular,sí,acabara,acabaras,acabara,acabáramos,acabaran,
acabar__imperativo,76,acabar,acabar,imperativo,Imperativo,regular,ar,no,regular,sí,,acaba / no acabes,acabe / no acabe,acabemos / no acabemos,acaben / no acaben,
servir__presente_indicativo,77,servir,servir,presente_indicativo,Presente,irregular,ir,no,e→i,sí,sirvo,sirves,sirve,servimos,sirven,
servir__preterito,77,servir,servir,preterito,Pretérito,irregular,ir,no,e→i (3.ª persona),sí,serví,serviste,sirvió,servimos,sirvieron,
servir__imperfecto,77,servir,servir,imperfecto,Imperfecto,regular,ir,no,regular,sí,servía,servías,servía,servíamos,servían,
servir__futuro,77,servir,servir,futuro,Futuro,regular,ir,no,regular,sí,serviré,servirás,servirá,serviremos,servirán,
servir__condicional,77,servir,servir,condicional,Condicional,regular,ir,no,regular,sí,serviría,servirías,serviría,serviríamos,servirían,
servir__presente_subjuntivo,77,servir,servir,presente_subjuntivo,Presente de subjuntivo,irregular,ir,no,e→i,sí,sirva,sirvas,sirva,sirvamos,sirvan,
servir__imperfecto_subjuntivo,77,servir,servir,imperfecto_subjuntivo,Imperfecto de subjuntivo,irregular,ir,no,e→i,sí,sirviera,sirvieras,sirviera,sirviéramos,sirvieran,
servir__imperativo,77,servir,servir,imperativo,Imperativo,irregular,ir,no,e→i,sí,,sirve / no sirvas,sirva / no sirva,sirvamos / no sirvamos,sirvan / no sirvan,
volver__presente_indicativo,78,volver,volver,presente_indicativo,Presente,irregular,er,no,o→ue,sí,vuelvo,vuelves,vuelve,volvemos,vuelven,
volver__preterito,78,volver,volver,preterito,Pretérito,regular,er,no,regular,sí,volví,volviste,volvió,volvimos,volvieron,
volver__imperfecto,78,volver,volver,imperfecto,Imperfecto,regular,er,no,regular,sí,volvía,volvías,volvía,volvíamos,volvían,
volver__futuro,78,volver,volver,futuro,Futuro,regular,er,no,regular,sí,volveré,volverás,volverá,volveremos,volverán,
volver__condicional,78,volver,volver,condicional,Condicional,regular,er,no,regular,sí,volvería,volverías,volvería,volveríamos,volverían,
volver__presente_subjuntivo,78,volver,volver,presente_subjuntivo,Presente de subjuntivo,irregular,er,no,o→ue,sí,vuelva,vuelvas,vuelva,volvamos,vuelvan,
volver__imperfecto_subjuntivo,78,volver,volver,imperfecto_subjuntivo,Imperfecto de subjuntivo,regular,er,no,regular,sí,volviera,volvieras,volviera,volviéramos,volvieran,
volver__imperativo,78,volver,volver,imperativo,Imperativo,irregular,er,no,o→ue,sí,,vuelve / no vuelvas,vuelva / no vuelva,volvamos / no volvamos,vuelvan / no vuelvan,
dormir__presente_indicativo,79,dormir,dormir,presente_indicativo,Presente,irregular,ir,no,o→ue,sí,duermo,duermes,duerme,dormimos,duermen,
dormir__preterito,79,dormir,dormir,preterito,Pretérito,irregular,ir,no,o→u (3.ª persona),sí,dormí,dormiste,durmió,dormimos,durmieron,
dormir__imperfecto,79,dormir,dormir,imperfecto,Imperfecto,regular,ir,no,regular,sí,dormía,dormías,dormía,dormíamos,dormían,
dormir__futuro,79,dormir,dormir,futuro,Futuro,regular,ir,no,regular,sí,dormiré,dormirás,dormirá,dormiremos,dormirán,
dormir__condicional,79,dormir,dormir,condicional,Condicional,regular,ir,no,regular,sí,dormiría,dormirías,dormiría,dormiríamos,dormirían,
dormir__presente_subjuntivo,79,dormir,dormir,presente_subjuntivo,Presente de subjuntivo,irregular,ir,no,o→ue/o→u (-ir),sí,duerma,duermas,duerma,durmamos,duerman,
dormir__imperfecto_subjuntivo,79,dormir,dormir,imperfecto_subjuntivo,Imperfecto de subjuntivo,irregular,ir,no,o→u,sí,durmiera,durmieras,durmiera,durmiéramos,durmieran,
dormir__imperativo,79,dormir,dormir,imperativo,Imperativo,irregular,ir,no,o→ue/o→u (-ir),sí,,duerme / no duermas,duerma / no duerma,durmamos / no durmamos,duerman / no duerman,
caminar__presente_indicativo,80,caminar,caminar,presente_indicativo,Presente,regular,ar,no,regular,sí,camino,caminas,camina,caminamos,caminan,
caminar__preterito,80,caminar,caminar,preterito,Pretérito,regular,ar,no,regular,sí,caminé,caminaste,caminó,caminamos,caminaron,
caminar__imperfecto,80,caminar,caminar,imperfecto,Imperfecto,regular,ar,no,regular,sí,caminaba,caminabas,caminaba,caminábamos,caminaban,
caminar__futuro,80,caminar,caminar,futuro,Futuro,regular,ar,no,regular,sí,caminaré,caminarás,caminará,caminaremos,caminarán,
caminar__condicional,80,caminar,caminar,condicional,Condicional,regular,ar,no,regular,sí,caminaría,caminarías,caminaría,caminaríamos,caminarían,
caminar__presente_subjuntivo,80,caminar,caminar,presente_subjuntivo,Presente de subjuntivo,regular,ar,no,regular,sí,camine,camines,camine,caminemos,caminen,
caminar__imperfecto_subjuntivo,80,caminar,caminar,imperfecto_subjuntivo,Imperfecto de subjuntivo,regular,ar,no,regular,sí,caminara,caminaras,caminara,camináramos,caminaran,
caminar__imperativo,80,caminar,caminar,imperativo,Imperativo,regular,ar,no,regular,sí,,camina / no camines,camine / no camine,caminemos / no caminemos,caminen / no caminen,
nacer__presente_indicativo,81,nacer,nacer,presente_indicativo,Presente,irregular,er,no,yo→-zco,sí,nazco,naces,nace,nacemos,nacen,
nacer__preterito,81,nacer,nacer,preterito,Pretérito,regular,er,no,regular,sí,nací,naciste,nació,nacimos,nacieron,
nacer__imperfecto,81,nacer,nacer,imperfecto,Imperfecto,regular,er,no,regular,sí,nacía,nacías,nacía,nacíamos,nacían,
nacer__futuro,81,nacer,nacer,futuro,Futuro,regular,er,no,regular,sí,naceré,nacerás,nacerá,naceremos,nacerán,
nacer__condicional,81,nacer,nacer,condicional,Condicional,regular,er,no,regular,sí,nacería,nacerías,nacería,naceríamos,nacerían,
nacer__presente_subjuntivo,81,nacer,nacer,presente_subjuntivo,Presente de subjuntivo,irregular,er,no,yo irregular,sí,nazca,nazcas,nazca,nazcamos,nazcan,
nacer__imperfecto_subjuntivo,81,nacer,nacer,imperfecto_subjuntivo,Imperfecto de subjuntivo,regular,er,no,regular,sí,naciera,nacieras,naciera,naciéramos,nacieran,
nacer__imperativo,81,nacer,nacer,imperativo,Imperativo,irregular,er,no,-cer→-zc-,sí,,nace / no nazcas,nazca / no nazca,nazcamos / no nazcamos,nazcan / no nazcan,
meterse__presente_indicativo,82,meterse,meter,presente_indicativo,Presente,regular,er,sí,regular,sí,me meto,te metes,se mete,nos metemos,se meten,
meterse__preterito,82,meterse,meter,preterito,Pretérito,regular,er,sí,regular,sí,me metí,te metiste,se metió,nos metimos,se metieron,
meterse__imperfecto,82,meterse,meter,imperfecto,Imperfecto,regular,er,sí,regular,sí,me metía,te metías,se metía,nos metíamos,se metían,
meterse__futuro,82,meterse,meter,futuro,Futuro,regular,er,sí,regular,sí,me meteré,te meterás,se meterá,nos meteremos,se meterán,
meterse__condicional,82,meterse,meter,condicional,Condicional,regular,er,sí,regular,sí,me metería,te meterías,se metería,nos meteríamos,se meterían,
meterse__presente_subjuntivo,82,meterse,meter,presente_subjuntivo,Presente de subjuntivo,regular,er,sí,regular,sí,me meta,te metas,se meta,nos metamos,se metan,
meterse__imperfecto_subjuntivo,82,meterse,meter,imperfecto_subjuntivo,Imperfecto de subjuntivo,regular,er,sí,regular,sí,me metiera,te metieras,se metiera,nos metiéramos,se metieran,
meterse__imperativo,82,meterse,meter,imperativo,Imperativo,regular,er,sí,regular,sí,,métete / no te metas,métase / no se meta,metámonos / no nos metamos,métanse / no se metan,
enseñar__presente_indicativo,83,enseñar,enseñar,presente_indicativo,Presente,regular,ar,no,regular,sí,enseño,enseñas,enseña,enseñamos,enseñan,
enseñar__preterito,83,enseñar,enseñar,preterito,Pretérito,regular,ar,no,regular,sí,enseñé,enseñaste,enseñó,enseñamos,enseñaron,
enseñar__imperfecto,83,enseñar,enseñar,imperfecto,Imperfecto,regular,ar,no,regular,sí,enseñaba,enseñabas,enseñaba,enseñábamos,enseñaban,
enseñar__futuro,83,enseñar,enseñar,futuro,Futuro,regular,ar,no,regular,sí,enseñaré,enseñarás,enseñará,enseñaremos,enseñarán,
enseñar__condicional,83,enseñar,enseñar,condicional,Condicional,regular,ar,no,regular,sí,enseñaría,enseñarías,enseñaría,enseñaríamos,enseñarían,
enseñar__presente_subjuntivo,83,enseñar,enseñar,presente_subjuntivo,Presente de subjuntivo,regular,ar,no,regular,sí,enseñe,enseñes,enseñe,enseñemos,enseñen,
enseñar__imperfecto_subjuntivo,83,enseñar,enseñar,imperfecto_subjuntivo,Imperfecto de subjuntivo,regular,ar,no,regular,sí,enseñara,enseñaras,enseñara,enseñáramos,enseñaran,
enseñar__imperativo,83,enseñar,enseñar,imperativo,Imperativo,regular,ar,no,regular,sí,,enseña / no enseñes,enseñe / no enseñe,enseñemos / no enseñemos,enseñen / no enseñen,
usar__presente_indicativo,84,usar,usar,presente_indicativo,Presente,regular,ar,no,regular,sí,uso,usas,usa,usamos,usan,
usar__preterito,84,usar,usar,preterito,Pretérito,regular,ar,no,regular,sí,usé,usaste,usó,usamos,usaron,
usar__imperfecto,84,usar,usar,imperfecto,Imperfecto,regular,ar,no,regular,sí,usaba,usabas,usaba,usábamos,usaban,
usar__futuro,84,usar,usar,futuro,Futuro,regular,ar,no,regular,sí,usaré,usarás,usará,usaremos,usarán,
usar__condicional,84,usar,usar,condicional,Condicional,regular,ar,no,regular,sí,usaría,usarías,usaría,usaríamos,usarían,
usar__presente_subjuntivo,84,usar,usar,presente_subjuntivo,Presente de subjuntivo,regular,ar,no,regular,sí,use,uses,use,usemos,usen,
usar__imperfecto_subjuntivo,84,usar,usar,imperfecto_subjuntivo,Imperfecto de subjuntivo,regular,ar,no,regular,sí,usara,usaras,usara,usáramos,usaran,
usar__imperativo,84,usar,usar,imperativo,Imperativo,regular,ar,no,regular,sí,,usa / no uses,use / no use,usemos / no usemos,usen / no usen,
correr__presente_indicativo,85,correr,correr,presente_indicativo,Presente,regular,er,no,regular,sí,corro,corres,corre,corremos,corren,
correr__preterito,85,correr,correr,preterito,Pretérito,regular,er,no,regular,sí,corrí,corriste,corrió,corrimos,corrieron,
correr__imperfecto,85,correr,correr,imperfecto,Imperfecto,regular,er,no,regular,sí,corría,corrías,corría,corríamos,corrían,
correr__futuro,85,correr,correr,futuro,Futuro,regular,er,no,regular,sí,correré,correrás,correrá,correremos,correrán,
correr__condicional,85,correr,correr,condicional,Condicional,regular,er,no,regular,sí,correría,correrías,correría,correríamos,correrían,
correr__presente_subjuntivo,85,correr,correr,presente_subjuntivo,Presente de subjuntivo,regular,er,no,regular,sí,corra,corras,corra,corramos,corran,
correr__imperfecto_subjuntivo,85,correr,correr,imperfecto_subjuntivo,Imperfecto de subjuntivo,regular,er,no,regular,sí,corriera,corrieras,corriera,corriéramos,corrieran,
correr__imperativo,85,correr,correr,imperativo,Imperativo,regular,er,no,regular,sí,,corre / no corras,corra / no corra,corramos / no corramos,corran / no corran,
parecer__presente_indicativo,86,parecer,parecer,presente_indicativo,Presente,irregular,er,no,yo→-zco,sí,parezco,pareces,parece,parecemos,parecen,
parecer__preterito,86,parecer,parecer,preterito,Pretérito,regular,er,no,regular,sí,parecí,pareciste,pareció,parecimos,parecieron,
parecer__imperfecto,86,parecer,parecer,imperfecto,Imperfecto,regular,er,no,regular,sí,parecía,parecías,parecía,parecíamos,parecían,
parecer__futuro,86,parecer,parecer,futuro,Futuro,regular,er,no,regular,sí,pareceré,parecerás,parecerá,pareceremos,parecerán,
parecer__condicional,86,parecer,parecer,condicional,Condicional,regular,er,no,regular,sí,parecería,parecerías,parecería,pareceríamos,parecerían,
parecer__presente_subjuntivo,86,parecer,parecer,presente_subjuntivo,Presente de subjuntivo,irregular,er,no,yo irregular,sí,parezca,parezcas,parezca,parezcamos,parezcan,
parecer__imperfecto_subjuntivo,86,parecer,parecer,imperfecto_subjuntivo,Imperfecto de subjuntivo,regular,er,no,regular,sí,pareciera,parecieras,pareciera,pareciéramos,parecieran,
parecer__imperativo,86,parecer,parecer,imperativo,Imperativo,irregular,er,no,-cer→-zc-,sí,,parece / no parezcas,parezca / no parezca,parezcamos / no parezcamos,parezcan / no parezcan,
jugar__presente_indicativo,87,jugar,jugar,presente_indicativo,Presente,irregular,ar,no,u→ue,sí,juego,juegas,juega,jugamos,juegan,
jugar__preterito,87,jugar,jugar,preterito,Pretérito,irregular,ar,no,cambio ortográfico,sí,jugué,jugaste,jugó,jugamos,jugaron,
jugar__imperfecto,87,jugar,jugar,imperfecto,Imperfecto,regular,ar,no,regular,sí,jugaba,jugabas,jugaba,jugábamos,jugaban,
jugar__futuro,87,jugar,jugar,futuro,Futuro,regular,ar,no,regular,sí,jugaré,jugarás,jugará,jugaremos,jugarán,
jugar__condicional,87,jugar,jugar,condicional,Condicional,regular,ar,no,regular,sí,jugaría,jugarías,jugaría,jugaríamos,jugarían,
jugar__presente_subjuntivo,87,jugar,jugar,presente_subjuntivo,Presente de subjuntivo,irregular,ar,no,u→ue,sí,juegue,juegues,juegue,juguemos,jueguen,
jugar__imperfecto_subjuntivo,87,jugar,jugar,imperfecto_subjuntivo,Imperfecto de subjuntivo,regular,ar,no,regular,sí,jugara,jugaras,jugara,jugáramos,jugaran,
jugar__imperativo,87,jugar,jugar,imperativo,Imperativo,irregular,ar,no,u→ue,sí,,juega / no juegues,juegue / no juegue,juguemos / no juguemos,jueguen / no jueguen,
estudiar__presente_indicativo,88,estudiar,estudiar,presente_indicativo,Presente,regular,ar,no,regular,sí,estudio,estudias,estudia,estudiamos,estudian,
estudiar__preterito,88,estudiar,estudiar,preterito,Pretérito,regular,ar,no,regular,sí,estudié,estudiaste,estudió,estudiamos,estudiaron,
estudiar__imperfecto,88,estudiar,estudiar,imperfecto,Imperfecto,regular,ar,no,regular,sí,estudiaba,estudiabas,estudiaba,estudiábamos,estudiaban,
estudiar__futuro,88,estudiar,estudiar,futuro,Futuro,regular,ar,no,regular,sí,estudiaré,estudiarás,estudiará,estudiaremos,estudiarán,
estudiar__condicional,88,estudiar,estudiar,condicional,Condicional,regular,ar,no,regular,sí,estudiaría,estudiarías,estudiaría,estudiaríamos,estudiarían,
estudiar__presente_subjuntivo,88,estudiar,estudiar,presente_subjuntivo,Presente de subjuntivo,regular,ar,no,regular,sí,estudie,estudies,estudie,estudiemos,estudien,
estudiar__imperfecto_subjuntivo,88,estudiar,estudiar,imperfecto_subjuntivo,Imperfecto de subjuntivo,regular,ar,no,regular,sí,estudiara,estudiaras,estudiara,estudiáramos,estudiaran,
estudiar__imperativo,88,estudiar,estudiar,imperativo,Imperativo,regular,ar,no,regular,sí,,estudia / no estudies,estudie / no estudie,estudiemos / no estudiemos,estudien / no estudien,
ayudar__presente_indicativo,89,ayudar,ayudar,presente_indicativo,Presente,regular,ar,no,regular,sí,ayudo,ayudas,ayuda,ayudamos,ayudan,
ayudar__preterito,89,ayudar,ayudar,preterito,Pretérito,regular,ar,no,regular,sí,ayudé,ayudaste,ayudó,ayudamos,ayudaron,
ayudar__imperfecto,89,ayudar,ayudar,imperfecto,Imperfecto,regular,ar,no,regular,sí,ayudaba,ayudabas,ayudaba,ayudábamos,ayudaban,
ayudar__futuro,89,ayudar,ayudar,futuro,Futuro,regular,ar,no,regular,sí,ayudaré,ayudarás,ayudará,ayudaremos,ayudarán,
ayudar__condicional,89,ayudar,ayudar,condicional,Condicional,regular,ar,no,regular,sí,ayudaría,ayudarías,ayudaría,ayudaríamos,ayudarían,
ayudar__presente_subjuntivo,89,ayudar,ayudar,presente_subjuntivo,Presente de subjuntivo,regular,ar,no,regular,sí,ayude,ayudes,ayude,ayudemos,ayuden,
ayudar__imperfecto_subjuntivo,89,ayudar,ayudar,imperfecto_subjuntivo,Imperfecto de subjuntivo,regular,ar,no,regular,sí,ayudara,ayudaras,ayudara,ayudáramos,ayudaran,
ayudar__imperativo,89,ayudar,ayudar,imperativo,Imperativo,regular,ar,no,regular,sí,,ayuda / no ayudes,ayude / no ayude,ayudemos / no ayudemos,ayuden / no ayuden,
llamar__presente_indicativo,90,llamar,llamar,presente_indicativo,Presente,regular,ar,no,regular,sí,llamo,llamas,llama,llamamos,llaman,
llamar__preterito,90,llamar,llamar,preterito,Pretérito,regular,ar,no,regular,sí,llamé,llamaste,llamó,llamamos,llamaron,
llamar__imperfecto,90,llamar,llamar,imperfecto,Imperfecto,regular,ar,no,regular,sí,llamaba,llamabas,llamaba,llamábamos,llamaban,
llamar__futuro,90,llamar,llamar,futuro,Futuro,regular,ar,no,regular,sí,llamaré,llamarás,llamará,llamaremos,llamarán,
llamar__condicional,90,llamar,llamar,condicional,Condicional,regular,ar,no,regular,sí,llamaría,llamarías,llamaría,llamaríamos,llamarían,
llamar__presente_subjuntivo,90,llamar,llamar,presente_subjuntivo,Presente de subjuntivo,regular,ar,no,regular,sí,llame,llames,llame,llamemos,llamen,
llamar__imperfecto_subjuntivo,90,llamar,llamar,imperfecto_subjuntivo,Imperfecto de subjuntivo,regular,ar,no,regular,sí,llamara,llamaras,llamara,llamáramos,llamaran,
llamar__imperativo,90,llamar,llamar,imperativo,Imperativo,regular,ar,no,regular,sí,,llama / no llames,llame / no llame,llamemos / no llamemos,llamen / no llamen,
encontrar__presente_indicativo,91,encontrar,encontrar,presente_indicativo,Presente,irregular,ar,no,o→ue,sí,encuentro,encuentras,encuentra,encontramos,encuentran,
encontrar__preterito,91,encontrar,encontrar,preterito,Pretérito,regular,ar,no,regular,sí,encontré,encontraste,encontró,encontramos,encontraron,
encontrar__imperfecto,91,encontrar,encontrar,imperfecto,Imperfecto,regular,ar,no,regular,sí,encontraba,encontrabas,encontraba,encontrábamos,encontraban,
encontrar__futuro,91,encontrar,encontrar,futuro,Futuro,regular,ar,no,regular,sí,encontraré,encontrarás,encontrará,encontraremos,encontrarán,
encontrar__condicional,91,encontrar,encontrar,condicional,Condicional,regular,ar,no,regular,sí,encontraría,encontrarías,encontraría,encontraríamos,encontrarían,
encontrar__presente_subjuntivo,91,encontrar,encontrar,presente_subjuntivo,Presente de subjuntivo,irregular,ar,no,o→ue,sí,encuentre,encuentres,encuentre,encontremos,encuentren,
encontrar__imperfecto_subjuntivo,91,encontrar,encontrar,imperfecto_subjuntivo,Imperfecto de subjuntivo,regular,ar,no,regular,sí,encontrara,encontraras,encontrara,encontráramos,encontraran,
encontrar__imperativo,91,encontrar,encontrar,imperativo,Imperativo,irregular,ar,no,o→ue,sí,,encuentra / no encuentres,encuentre / no encuentre,encontremos / no encontremos,encuentren / no encuentren,
faltar__presente_indicativo,92,faltar,faltar,presente_indicativo,Presente,regular,ar,no,regular,sí,falto,faltas,falta,faltamos,faltan,
faltar__preterito,92,faltar,faltar,preterito,Pretérito,regular,ar,no,regular,sí,falté,faltaste,faltó,faltamos,faltaron,
faltar__imperfecto,92,faltar,faltar,imperfecto,Imperfecto,regular,ar,no,regular,sí,faltaba,faltabas,faltaba,faltábamos,faltaban,
faltar__futuro,92,faltar,faltar,futuro,Futuro,regular,ar,no,regular,sí,faltaré,faltarás,faltará,faltaremos,faltarán,
faltar__condicional,92,faltar,faltar,condicional,Condicional,regular,ar,no,regular,sí,faltaría,faltarías,faltaría,faltaríamos,faltarían,
faltar__presente_subjuntivo,92,faltar,faltar,presente_subjuntivo,Presente de subjuntivo,regular,ar,no,regular,sí,falte,faltes,falte,faltemos,falten,
faltar__imperfecto_subjuntivo,92,faltar,faltar,imperfecto_subjuntivo,Imperfecto de subjuntivo,regular,ar,no,regular,sí,faltara,faltaras,faltara,faltáramos,faltaran,
faltar__imperativo,92,faltar,faltar,imperativo,Imperativo,regular,ar,no,regular,sí,,falta / no faltes,falte / no falte,faltemos / no faltemos,falten / no falten,
valer__presente_indicativo,93,valer,valer,presente_indicativo,Presente,irregular,er,no,yo→-go,sí,valgo,vales,vale,valemos,valen,
valer__preterito,93,valer,valer,preterito,Pretérito,regular,er,no,regular,sí,valí,valiste,valió,valimos,valieron,
valer__imperfecto,93,valer,valer,imperfecto,Imperfecto,regular,er,no,regular,sí,valía,valías,valía,valíamos,valían,
valer__futuro,93,valer,valer,futuro,Futuro,irregular,er,no,raíz irregular,sí,valdré,valdrás,valdrá,valdremos,valdrán,
valer__condicional,93,valer,valer,condicional,Condicional,irregular,er,no,raíz irregular,sí,valdría,valdrías,valdría,valdríamos,valdrían,
valer__presente_subjuntivo,93,valer,valer,presente_subjuntivo,Presente de subjuntivo,irregular,er,no,yo irregular,sí,valga,valgas,valga,valgamos,valgan,
valer__imperfecto_subjuntivo,93,valer,valer,imperfecto_subjuntivo,Imperfecto de subjuntivo,regular,er,no,regular,sí,valiera,valieras,valiera,valiéramos,valieran,
valer__imperativo,93,valer,valer,imperativo,Imperativo,irregular,er,no,yo irregular,sí,,vale / no valgas,valga / no valga,valgamos / no valgamos,valgan / no valgan,
escribir__presente_indicativo,94,escribir,escribir,presente_indicativo,Presente,regular,ir,no,regular,sí,escribo,escribes,escribe,escribimos,escriben,
escribir__preterito,94,escribir,escribir,preterito,Pretérito,regular,ir,no,regular,sí,escribí,escribiste,escribió,escribimos,escribieron,
escribir__imperfecto,94,escribir,escribir,imperfecto,Imperfecto,regular,ir,no,regular,sí,escribía,escribías,escribía,escribíamos,escribían,
escribir__futuro,94,escribir,escribir,futuro,Futuro,regular,ir,no,regular,sí,escribiré,escribirás,escribirá,escribiremos,escribirán,
escribir__condicional,94,escribir,escribir,condicional,Condicional,regular,ir,no,regular,sí,escribiría,escribirías,escribiría,escribiríamos,escribirían,
escribir__presente_subjuntivo,94,escribir,escribir,presente_subjuntivo,Presente de subjuntivo,regular,ir,no,regular,sí,escriba,escribas,escriba,escribamos,escriban,
escribir__imperfecto_subjuntivo,94,escribir,escribir,imperfecto_subjuntivo,Imperfecto de subjuntivo,regular,ir,no,regular,sí,escribiera,escribieras,escribiera,escribiéramos,escribieran,
escribir__imperativo,94,escribir,escribir,imperativo,Imperativo,regular,ir,no,regular,sí,,escribe / no escribas,escriba / no escriba,escribamos / no escribamos,escriban / no escriban,
parar__presente_indicativo,95,parar,parar,presente_indicativo,Presente,regular,ar,no,regular,sí,paro,paras,para,paramos,paran,
parar__preterito,95,parar,parar,preterito,Pretérito,regular,ar,no,regular,sí,paré,paraste,paró,paramos,pararon,
parar__imperfecto,95,parar,parar,imperfecto,Imperfecto,regular,ar,no,regular,sí,paraba,parabas,paraba,parábamos,paraban,
parar__futuro,95,parar,parar,futuro,Futuro,regular,ar,no,regular,sí,pararé,pararás,parará,pararemos,pararán,
parar__condicional,95,parar,parar,condicional,Condicional,regular,ar,no,regular,sí,pararía,pararías,pararía,pararíamos,pararían,
parar__presente_subjuntivo,95,parar,parar,presente_subjuntivo,Presente de subjuntivo,regular,ar,no,regular,sí,pare,pares,pare,paremos,paren,
parar__imperfecto_subjuntivo,95,parar,parar,imperfecto_subjuntivo,Imperfecto de subjuntivo,regular,ar,no,regular,sí,parara,pararas,parara,paráramos,pararan,
parar__imperativo,95,parar,parar,imperativo,Imperativo,regular,ar,no,regular,sí,,para / no pares,pare / no pare,paremos / no paremos,paren / no paren,
tirar__presente_indicativo,96,tirar,tirar,presente_indicativo,Presente,regular,ar,no,regular,sí,tiro,tiras,tira,tiramos,tiran,
tirar__preterito,96,tirar,tirar,preterito,Pretérito,regular,ar,no,regular,sí,tiré,tiraste,tiró,tiramos,tiraron,
tirar__imperfecto,96,tirar,tirar,imperfecto,Imperfecto,regular,ar,no,regular,sí,tiraba,tirabas,tiraba,tirábamos,tiraban,
tirar__futuro,96,tirar,tirar,futuro,Futuro,regular,ar,no,regular,sí,tiraré,tirarás,tirará,tiraremos,tirarán,
tirar__condicional,96,tirar,tirar,condicional,Condicional,regular,ar,no,regular,sí,tiraría,tirarías,tiraría,tiraríamos,tirarían,
tirar__presente_subjuntivo,96,tirar,tirar,presente_subjuntivo,Presente de subjuntivo,regular,ar,no,regular,sí,tire,tires,tire,tiremos,tiren,
tirar__imperfecto_subjuntivo,96,tirar,tirar,imperfecto_subjuntivo,Imperfecto de subjuntivo,regular,ar,no,regular,sí,tirara,tiraras,tirara,tiráramos,tiraran,
tirar__imperativo,96,tirar,tirar,imperativo,Imperativo,regular,ar,no,regular,sí,,tira / no tires,tire / no tire,tiremos / no tiremos,tiren / no tiren,
perder__presente_indicativo,97,perder,perder,presente_indicativo,Presente,irregular,er,no,e→ie,sí,pierdo,pierdes,pierde,perdemos,pierden,
perder__preterito,97,perder,perder,preterito,Pretérito,regular,er,no,regular,sí,perdí,perdiste,perdió,perdimos,perdieron,
perder__imperfecto,97,perder,perder,imperfecto,Imperfecto,regular,er,no,regular,sí,perdía,perdías,perdía,perdíamos,perdían,
perder__futuro,97,perder,perder,futuro,Futuro,regular,er,no,regular,sí,perderé,perderás,perderá,perderemos,perderán,
perder__condicional,97,perder,perder,condicional,Condicional,regular,er,no,regular,sí,perdería,perderías,perdería,perderíamos,perderían,
perder__presente_subjuntivo,97,perder,perder,presente_subjuntivo,Presente de subjuntivo,irregular,er,no,e→ie,sí,pierda,pierdas,pierda,perdamos,pierdan,
perder__imperfecto_subjuntivo,97,perder,perder,imperfecto_subjuntivo,Imperfecto de subjuntivo,regular,er,no,regular,sí,perdiera,perdieras,perdiera,perdiéramos,perdieran,
perder__imperativo,97,perder,perder,imperativo,Imperativo,irregular,er,no,e→ie,sí,,pierde / no pierdas,pierda / no pierda,perdamos / no perdamos,pierdan / no pierdan,
cuidar__presente_indicativo,98,cuidar,cuidar,presente_indicativo,Presente,regular,ar,no,regular,sí,cuido,cuidas,cuida,cuidamos,cuidan,
cuidar__preterito,98,cuidar,cuidar,preterito,Pretérito,regular,ar,no,regular,sí,cuidé,cuidaste,cuidó,cuidamos,cuidaron,
cuidar__imperfecto,98,cuidar,cuidar,imperfecto,Imperfecto,regular,ar,no,regular,sí,cuidaba,cuidabas,cuidaba,cuidábamos,cuidaban,
cuidar__futuro,98,cuidar,cuidar,futuro,Futuro,regular,ar,no,regular,sí,cuidaré,cuidarás,cuidará,cuidaremos,cuidarán,
cuidar__condicional,98,cuidar,cuidar,condicional,Condicional,regular,ar,no,regular,sí,cuidaría,cuidarías,cuidaría,cuidaríamos,cuidarían,
cuidar__presente_subjuntivo,98,cuidar,cuidar,presente_subjuntivo,Presente de subjuntivo,regular,ar,no,regular,sí,cuide,cuides,cuide,cuidemos,cuiden,
cuidar__imperfecto_subjuntivo,98,cuidar,cuidar,imperfecto_subjuntivo,Imperfecto de subjuntivo,regular,ar,no,regular,sí,cuidara,cuidaras,cuidara,cuidáramos,cuidaran,
cuidar__imperativo,98,cuidar,cuidar,imperativo,Imperativo,regular,ar,no,regular,sí,,cuida / no cuides,cuide / no cuide,cuidemos / no cuidemos,cuiden / no cuiden,
llevarse__presente_indicativo,99,llevarse,llevar,presente_indicativo,Presente,regular,ar,sí,regular,sí,me llevo,te llevas,se lleva,nos llevamos,se llevan,
llevarse__preterito,99,llevarse,llevar,preterito,Pretérito,regular,ar,sí,regular,sí,me llevé,te llevaste,se llevó,nos llevamos,se llevaron,
llevarse__imperfecto,99,llevarse,llevar,imperfecto,Imperfecto,regular,ar,sí,regular,sí,me llevaba,te llevabas,se llevaba,nos llevábamos,se llevaban,
llevarse__futuro,99,llevarse,llevar,futuro,Futuro,regular,ar,sí,regular,sí,me llevaré,te llevarás,se llevará,nos llevaremos,se llevarán,
llevarse__condicional,99,llevarse,llevar,condicional,Condicional,regular,ar,sí,regular,sí,me llevaría,te llevarías,se llevaría,nos llevaríamos,se llevarían,
llevarse__presente_subjuntivo,99,llevarse,llevar,presente_subjuntivo,Presente de subjuntivo,regular,ar,sí,regular,sí,me lleve,te lleves,se lleve,nos llevemos,se lleven,
llevarse__imperfecto_subjuntivo,99,llevarse,llevar,imperfecto_subjuntivo,Imperfecto de subjuntivo,regular,ar,sí,regular,sí,me llevara,te llevaras,se llevara,nos lleváramos,se llevaran,
llevarse__imperativo,99,llevarse,llevar,imperativo,Imperativo,regular,ar,sí,regular,sí,,llévate / no te lleves,llévese / no se lleve,llevémonos / no nos llevemos,llévense / no se lleven,
matar__presente_indicativo,100,matar,matar,presente_indicativo,Presente,regular,ar,no,regular,sí,mato,matas,mata,matamos,matan,
matar__preterito,100,matar,matar,preterito,Pretérito,regular,ar,no,regular,sí,maté,mataste,mató,matamos,mataron,
matar__imperfecto,100,matar,matar,imperfecto,Imperfecto,regular,ar,no,regular,sí,mataba,matabas,mataba,matábamos,mataban,
matar__futuro,100,matar,matar,futuro,Futuro,regular,ar,no,regular,sí,mataré,matarás,matará,mataremos,matarán,
matar__condicional,100,matar,matar,condicional,Condicional,regular,ar,no,regular,sí,mataría,matarías,mataría,mataríamos,matarían,
matar__presente_subjuntivo,100,matar,matar,presente_subjuntivo,Presente de subjuntivo,regular,ar,no,regular,sí,mate,mates,mate,matemos,maten,
matar__imperfecto_subjuntivo,100,matar,matar,imperfecto_subjuntivo,Imperfecto de subjuntivo,regular,ar,no,regular,sí,matara,mataras,matara,matáramos,mataran,
matar__imperativo,100,matar,matar,imperativo,Imperativo,regular,ar,no,regular,sí,,mata / no mates,mate / no mate,matemos / no matemos,maten / no maten,
platicar__presente_indicativo,101,platicar,platicar,presente_indicativo,Presente,regular,ar,no,regular,sí,platico,platicas,platica,platicamos,platican,
platicar__preterito,101,platicar,platicar,preterito,Pretérito,irregular,ar,no,cambio ortográfico,sí,platiqué,platicaste,platicó,platicamos,platicaron,
platicar__imperfecto,101,platicar,platicar,imperfecto,Imperfecto,regular,ar,no,regular,sí,platicaba,platicabas,platicaba,platicábamos,platicaban,
platicar__futuro,101,platicar,platicar,futuro,Futuro,regular,ar,no,regular,sí,platicaré,platicarás,platicará,platicaremos,platicarán,
platicar__condicional,101,platicar,platicar,condicional,Condicional,regular,ar,no,regular,sí,platicaría,platicarías,platicaría,platicaríamos,platicarían,
platicar__presente_subjuntivo,101,platicar,platicar,presente_subjuntivo,Presente de subjuntivo,irregular,ar,no,cambio ortográfico,sí,platique,platiques,platique,platiquemos,platiquen,
platicar__imperfecto_subjuntivo,101,platicar,platicar,imperfecto_subjuntivo,Imperfecto de subjuntivo,regular,ar,no,regular,sí,platicara,platicaras,platicara,platicáramos,platicaran,
platicar__imperativo,101,platicar,platicar,imperativo,Imperativo,irregular,ar,no,cambio ortográfico,sí,,platica / no platiques,platique / no platique,platiquemos / no platiquemos,platiquen / no platiquen,
pegar__presente_indicativo,102,pegar,pegar,presente_indicativo,Presente,regular,ar,no,regular,sí,pego,pegas,pega,pegamos,pegan,
pegar__preterito,102,pegar,pegar,preterito,Pretérito,irregular,ar,no,cambio ortográfico,sí,pegué,pegaste,pegó,pegamos,pegaron,
pegar__imperfecto,102,pegar,pegar,imperfecto,Imperfecto,regular,ar,no,regular,sí,pegaba,pegabas,pegaba,pegábamos,pegaban,
pegar__futuro,102,pegar,pegar,futuro,Futuro,regular,ar,no,regular,sí,pegaré,pegarás,pegará,pegaremos,pegarán,
pegar__condicional,102,pegar,pegar,condicional,Condicional,regular,ar,no,regular,sí,pegaría,pegarías,pegaría,pegaríamos,pegarían,
pegar__presente_subjuntivo,102,pegar,pegar,presente_subjuntivo,Presente de subjuntivo,irregular,ar,no,cambio ortográfico,sí,pegue,pegues,pegue,peguemos,peguen,
pegar__imperfecto_subjuntivo,102,pegar,pegar,imperfecto_subjuntivo,Imperfecto de subjuntivo,regular,ar,no,regular,sí,pegara,pegaras,pegara,pegáramos,pegaran,
pegar__imperativo,102,pegar,pegar,imperativo,Imperativo,irregular,ar,no,cambio ortográfico,sí,,pega / no pegues,pegue / no pegue,peguemos / no peguemos,peguen / no peguen,
invitar__presente_indicativo,103,invitar,invitar,presente_indicativo,Presente,regular,ar,no,regular,sí,invito,invitas,invita,invitamos,invitan,
invitar__preterito,103,invitar,invitar,preterito,Pretérito,regular,ar,no,regular,sí,invité,invitaste,invitó,invitamos,invitaron,
invitar__imperfecto,103,invitar,invitar,imperfecto,Imperfecto,regular,ar,no,regular,sí,invitaba,invitabas,invitaba,invitábamos,invitaban,
invitar__futuro,103,invitar,invitar,futuro,Futuro,regular,ar,no,regular,sí,invitaré,invitarás,invitará,invitaremos,invitarán,
invitar__condicional,103,invitar,invitar,condicional,Condicional,regular,ar,no,regular,sí,invitaría,invitarías,invitaría,invitaríamos,invitarían,
invitar__presente_subjuntivo,103,invitar,invitar,presente_subjuntivo,Presente de subjuntivo,regular,ar,no,regular,sí,invite,invites,invite,invitemos,inviten,
invitar__imperfecto_subjuntivo,103,invitar,invitar,imperfecto_subjuntivo,Imperfecto de subjuntivo,regular,ar,no,regular,sí,invitara,invitaras,invitara,invitáramos,invitaran,
invitar__imperativo,103,invitar,invitar,imperativo,Imperativo,regular,ar,no,regular,sí,,invita / no invites,invite / no invite,invitemos / no invitemos,inviten / no inviten,
hacerse__presente_indicativo,104,hacerse,hacer,presente_indicativo,Presente,irregular,er,sí,yo→-go,sí,me hago,te haces,se hace,nos hacemos,se hacen,
hacerse__preterito,104,hacerse,hacer,preterito,Pretérito,irregular,er,sí,raíz irregular,sí,me hice,te hiciste,se hizo,nos hicimos,se hicieron,
hacerse__imperfecto,104,hacerse,hacer,imperfecto,Imperfecto,regular,er,sí,regular,sí,me hacía,te hacías,se hacía,nos hacíamos,se hacían,
hacerse__futuro,104,hacerse,hacer,futuro,Futuro,irregular,er,sí,raíz irregular,sí,me haré,te harás,se hará,nos haremos,se harán,
hacerse__condicional,104,hacerse,hacer,condicional,Condicional,irregular,er,sí,raíz irregular,sí,me haría,te harías,se haría,nos haríamos,se harían,
hacerse__presente_subjuntivo,104,hacerse,hacer,presente_subjuntivo,Presente de subjuntivo,irregular,er,sí,yo irregular,sí,me haga,te hagas,se haga,nos hagamos,se hagan,
hacerse__imperfecto_subjuntivo,104,hacerse,hacer,imperfecto_subjuntivo,Imperfecto de subjuntivo,irregular,er,sí,raíz irregular,sí,me hiciera,te hicieras,se hiciera,nos hiciéramos,se hicieran,
hacerse__imperativo,104,hacerse,hacer,imperativo,Imperativo,irregular,er,sí,muy irregular,sí,,hazte / no te hagas,hágase / no se haga,hagámonos / no nos hagamos,háganse / no se hagan,
cumplir__presente_indicativo,105,cumplir,cumplir,presente_indicativo,Presente,regular,ir,no,regular,sí,cumplo,cumples,cumple,cumplimos,cumplen,
cumplir__preterito,105,cumplir,cumplir,preterito,Pretérito,regular,ir,no,regular,sí,cumplí,cumpliste,cumplió,cumplimos,cumplieron,
cumplir__imperfecto,105,cumplir,cumplir,imperfecto,Imperfecto,regular,ir,no,regular,sí,cumplía,cumplías,cumplía,cumplíamos,cumplían,
cumplir__futuro,105,cumplir,cumplir,futuro,Futuro,regular,ir,no,regular,sí,cumpliré,cumplirás,cumplirá,cumpliremos,cumplirán,
cumplir__condicional,105,cumplir,cumplir,condicional,Condicional,regular,ir,no,regular,sí,cumpliría,cumplirías,cumpliría,cumpliríamos,cumplirían,
cumplir__presente_subjuntivo,105,cumplir,cumplir,presente_subjuntivo,Presente de subjuntivo,regular,ir,no,regular,sí,cumpla,cumplas,cumpla,cumplamos,cumplan,
cumplir__imperfecto_subjuntivo,105,cumplir,cumplir,imperfecto_subjuntivo,Imperfecto de subjuntivo,regular,ir,no,regular,sí,cumpliera,cumplieras,cumpliera,cumpliéramos,cumplieran,
cumplir__imperativo,105,cumplir,cumplir,imperativo,Imperativo,regular,ir,no,regular,sí,,cumple / no cumplas,cumpla / no cumpla,cumplamos / no cumplamos,cumplan / no cumplan,
partir__presente_indicativo,110,partir,partir,presente_indicativo,Presente,regular,ir,no,regular,sí,parto,partes,parte,partimos,parten,
partir__preterito,110,partir,partir,preterito,Pretérito,regular,ir,no,regular,sí,partí,partiste,partió,partimos,partieron,
partir__imperfecto,110,partir,partir,imperfecto,Imperfecto,regular,ir,no,regular,sí,partía,partías,partía,partíamos,partían,
partir__futuro,110,partir,partir,futuro,Futuro,regular,ir,no,regular,sí,partiré,partirás,partirá,partiremos,partirán,
partir__condicional,110,partir,partir,condicional,Condicional,regular,ir,no,regular,sí,partiría,partirías,partiría,partiríamos,partirían,
partir__presente_subjuntivo,110,partir,partir,presente_subjuntivo,Presente de subjuntivo,regular,ir,no,regular,sí,parta,partas,parta,partamos,partan,
partir__imperfecto_subjuntivo,110,partir,partir,imperfecto_subjuntivo,Imperfecto de subjuntivo,regular,ir,no,regular,sí,partiera,partieras,partiera,partiéramos,partieran,
partir__imperativo,110,partir,partir,imperativo,Imperativo,regular,ir,no,regular,sí,,parte / no partas,parta / no parta,partamos / no partamos,partan / no partan,
mover__presente_indicativo,112,mover,mover,presente_indicativo,Presente,irregular,er,no,o→ue,sí,muevo,mueves,mueve,movemos,mueven,
mover__preterito,112,mover,mover,preterito,Pretérito,regular,er,no,regular,sí,moví,moviste,movió,movimos,movieron,
mover__imperfecto,112,mover,mover,imperfecto,Imperfecto,regular,er,no,regular,sí,movía,movías,movía,movíamos,movían,
mover__futuro,112,mover,mover,futuro,Futuro,regular,er,no,regular,sí,moveré,moverás,moverá,moveremos,moverán,
mover__condicional,112,mover,mover,condicional,Condicional,regular,er,no,regular,sí,movería,moverías,movería,moveríamos,moverían,
mover__presente_subjuntivo,112,mover,mover,presente_subjuntivo,Presente de subjuntivo,irregular,er,no,o→ue,sí,mueva,muevas,mueva,movamos,muevan,
mover__imperfecto_subjuntivo,112,mover,mover,imperfecto_subjuntivo,Imperfecto de subjuntivo,regular,er,no,regular,sí,moviera,movieras,moviera,moviéramos,movieran,
mover__imperativo,112,mover,mover,imperativo,Imperativo,irregular,er,no,o→ue,sí,,mueve / no muevas,mueva / no mueva,movamos / no movamos,muevan / no muevan,
salirse__presente_indicativo,113,salirse,salir,presente_indicativo,Presente,irregular,ir,sí,yo→-go,sí,me salgo,te sales,se sale,nos salimos,se salen,
salirse__preterito,113,salirse,salir,preterito,Pretérito,regular,ir,sí,regular,sí,me salí,te saliste,se salió,nos salimos,se salieron,
salirse__imperfecto,113,salirse,salir,imperfecto,Imperfecto,regular,ir,sí,regular,sí,me salía,te salías,se salía,nos salíamos,se salían,
salirse__futuro,113,salirse,salir,futuro,Futuro,irregular,ir,sí,raíz irregular,sí,me saldré,te saldrás,se saldrá,nos saldremos,se saldrán,
salirse__condicional,113,salirse,salir,condicional,Condicional,irregular,ir,sí,raíz irregular,sí,me saldría,te saldrías,se saldría,nos saldríamos,se saldrían,
salirse__presente_subjuntivo,113,salirse,salir,presente_subjuntivo,Presente de subjuntivo,irregular,ir,sí,yo irregular,sí,me salga,te salgas,se salga,nos salgamos,se salgan,
salirse__imperfecto_subjuntivo,113,salirse,salir,imperfecto_subjuntivo,Imperfecto de subjuntivo,regular,ir,sí,regular,sí,me saliera,te salieras,se saliera,nos saliéramos,se salieran,
salirse__imperativo,113,salirse,salir,imperativo,Imperativo,irregular,ir,sí,muy irregular,sí,,salte / no te salgas,sálgase / no se salga,salgámonos / no nos salgamos,sálganse / no se salgan,
entregar__presente_indicativo,116,entregar,entregar,presente_indicativo,Presente,regular,ar,no,regular,sí,entrego,entregas,entrega,entregamos,entregan,
entregar__preterito,116,entregar,entregar,preterito,Pretérito,irregular,ar,no,cambio ortográfico,sí,entregué,entregaste,entregó,entregamos,entregaron,
entregar__imperfecto,116,entregar,entregar,imperfecto,Imperfecto,regular,ar,no,regular,sí,entregaba,entregabas,entregaba,entregábamos,entregaban,
entregar__futuro,116,entregar,entregar,futuro,Futuro,regular,ar,no,regular,sí,entregaré,entregarás,entregará,entregaremos,entregarán,
entregar__condicional,116,entregar,entregar,condicional,Condicional,regular,ar,no,regular,sí,entregaría,entregarías,entregaría,entregaríamos,entregarían,
entregar__presente_subjuntivo,116,entregar,entregar,presente_subjuntivo,Presente de subjuntivo,irregular,ar,no,cambio ortográfico,sí,entregue,entregues,entregue,entreguemos,entreguen,
entregar__imperfecto_subjuntivo,116,entregar,entregar,imperfecto_subjuntivo,Imperfecto de subjuntivo,regular,ar,no,regular,sí,entregara,entregaras,entregara,entregáramos,entregaran,
entregar__imperativo,116,entregar,entregar,imperativo,Imperativo,irregular,ar,no,cambio ortográfico,sí,,entrega / no entregues,entregue / no entregue,entreguemos / no entreguemos,entreguen / no entreguen,
aprender__presente_indicativo,117,aprender,aprender,presente_indicativo,Presente,regular,er,no,regular,sí,aprendo,aprendes,aprende,aprendemos,aprenden,
aprender__preterito,117,aprender,aprender,preterito,Pretérito,regular,er,no,regular,sí,aprendí,aprendiste,aprendió,aprendimos,aprendieron,
aprender__imperfecto,117,aprender,aprender,imperfecto,Imperfecto,regular,er,no,regular,sí,aprendía,aprendías,aprendía,aprendíamos,aprendían,
aprender__futuro,117,aprender,aprender,futuro,Futuro,regular,er,no,regular,sí,aprenderé,aprenderás,aprenderá,aprenderemos,aprenderán,
aprender__condicional,117,aprender,aprender,condicional,Condicional,regular,er,no,regular,sí,aprendería,aprenderías,aprendería,aprenderíamos,aprenderían,
aprender__presente_subjuntivo,117,aprender,aprender,presente_subjuntivo,Presente de subjuntivo,regular,er,no,regular,sí,aprenda,aprendas,aprenda,aprendamos,aprendan,
aprender__imperfecto_subjuntivo,117,aprender,aprender,imperfecto_subjuntivo,Imperfecto de subjuntivo,regular,er,no,regular,sí,aprendiera,aprendieras,aprendiera,aprendiéramos,aprendieran,
aprender__imperativo,117,aprender,aprender,imperativo,Imperativo,regular,er,no,regular,sí,,aprende / no aprendas,aprenda / no aprenda,aprendamos / no aprendamos,aprendan / no aprendan,
acordarse__presente_indicativo,125,acordarse,acordar,presente_indicativo,Presente,irregular,ar,sí,o→ue,sí,me acuerdo,te acuerdas,se acuerda,nos acordamos,se acuerdan,
acordarse__preterito,125,acordarse,acordar,preterito,Pretérito,regular,ar,sí,regular,sí,me acordé,te acordaste,se acordó,nos acordamos,se acordaron,
acordarse__imperfecto,125,acordarse,acordar,imperfecto,Imperfecto,regular,ar,sí,regular,sí,me acordaba,te acordabas,se acordaba,nos acordábamos,se acordaban,
acordarse__futuro,125,acordarse,acordar,futuro,Futuro,regular,ar,sí,regular,sí,me acordaré,te acordarás,se acordará,nos acordaremos,se acordarán,
acordarse__condicional,125,acordarse,acordar,condicional,Condicional,regular,ar,sí,regular,sí,me acordaría,te acordarías,se acordaría,nos acordaríamos,se acordarían,
acordarse__presente_subjuntivo,125,acordarse,acordar,presente_subjuntivo,Presente de subjuntivo,irregular,ar,sí,o→ue,sí,me acuerde,te acuerdes,se acuerde,nos acordemos,se acuerden,
acordarse__imperfecto_subjuntivo,125,acordarse,acordar,imperfecto_subjuntivo,Imperfecto de subjuntivo,regular,ar,sí,regular,sí,me acordara,te acordaras,se acordara,nos acordáramos,se acordaran,
acordarse__imperativo,125,acordarse,acordar,imperativo,Imperativo,irregular,ar,sí,o→ue,sí,,acuérdate / no te acuerdes,acuérdese / no se acuerde,acordémonos / no nos acordemos,acuérdense / no se acuerden,
cerrar__presente_indicativo,126,cerrar,cerrar,presente_indicativo,Presente,irregular,ar,no,e→ie,sí,cierro,cierras,cierra,cerramos,cierran,
cerrar__preterito,126,cerrar,cerrar,preterito,Pretérito,regular,ar,no,regular,sí,cerré,cerraste,cerró,cerramos,cerraron,
cerrar__imperfecto,126,cerrar,cerrar,imperfecto,Imperfecto,regular,ar,no,regular,sí,cerraba,cerrabas,cerraba,cerrábamos,cerraban,
cerrar__futuro,126,cerrar,cerrar,futuro,Futuro,regular,ar,no,regular,sí,cerraré,cerrarás,cerrará,cerraremos,cerrarán,
cerrar__condicional,126,cerrar,cerrar,condicional,Condicional,regular,ar,no,regular,sí,cerraría,cerrarías,cerraría,cerraríamos,cerrarían,
cerrar__presente_subjuntivo,126,cerrar,cerrar,presente_subjuntivo,Presente de subjuntivo,irregular,ar,no,e→ie,sí,cierre,cierres,cierre,cerremos,cierren,
cerrar__imperfecto_subjuntivo,126,cerrar,cerrar,imperfecto_subjuntivo,Imperfecto de subjuntivo,regular,ar,no,regular,sí,cerrara,cerraras,cerrara,cerráramos,cerraran,
cerrar__imperativo,126,cerrar,cerrar,imperativo,Imperativo,irregular,ar,no,e→ie,sí,,cierra / no cierres,cierre / no cierre,cerremos / no cerremos,cierren / no cierren,
crecer__presente_indicativo,129,crecer,crecer,presente_indicativo,Presente,irregular,er,no,yo→-zco,sí,crezco,creces,crece,crecemos,crecen,
crecer__preterito,129,crecer,crecer,preterito,Pretérito,regular,er,no,regular,sí,crecí,creciste,creció,crecimos,crecieron,
crecer__imperfecto,129,crecer,crecer,imperfecto,Imperfecto,regular,er,no,regular,sí,crecía,crecías,crecía,crecíamos,crecían,
crecer__futuro,129,crecer,crecer,futuro,Futuro,regular,er,no,regular,sí,creceré,crecerás,crecerá,creceremos,crecerán,
crecer__condicional,129,crecer,crecer,condicional,Condicional,regular,er,no,regular,sí,crecería,crecerías,crecería,creceríamos,crecerían,
crecer__presente_subjuntivo,129,crecer,crecer,presente_subjuntivo,Presente de subjuntivo,irregular,er,no,yo irregular,sí,crezca,crezcas,crezca,crezcamos,crezcan,
crecer__imperfecto_subjuntivo,129,crecer,crecer,imperfecto_subjuntivo,Imperfecto de subjuntivo,regular,er,no,regular,sí,creciera,crecieras,creciera,creciéramos,crecieran,
crecer__imperativo,129,crecer,crecer,imperativo,Imperativo,irregular,er,no,-cer→-zc-,sí,,crece / no crezcas,crezca / no crezca,crezcamos / no crezcamos,crezcan / no crezcan,
explicar__presente_indicativo,130,explicar,explicar,presente_indicativo,Presente,regular,ar,no,regular,sí,explico,explicas,explica,explicamos,explican,
explicar__preterito,130,explicar,explicar,preterito,Pretérito,irregular,ar,no,cambio ortográfico,sí,expliqué,explicaste,explicó,explicamos,explicaron,
explicar__imperfecto,130,explicar,explicar,imperfecto,Imperfecto,regular,ar,no,regular,sí,explicaba,explicabas,explicaba,explicábamos,explicaban,
explicar__futuro,130,explicar,explicar,futuro,Futuro,regular,ar,no,regular,sí,explicaré,explicarás,explicará,explicaremos,explicarán,
explicar__condicional,130,explicar,explicar,condicional,Condicional,regular,ar,no,regular,sí,explicaría,explicarías,explicaría,explicaríamos,explicarían,
explicar__presente_subjuntivo,130,explicar,explicar,presente_subjuntivo,Presente de subjuntivo,irregular,ar,no,cambio ortográfico,sí,explique,expliques,explique,expliquemos,expliquen,
explicar__imperfecto_subjuntivo,130,explicar,explicar,imperfecto_subjuntivo,Imperfecto de subjuntivo,regular,ar,no,regular,sí,explicara,explicaras,explicara,explicáramos,explicaran,
explicar__imperativo,130,explicar,explicar,imperativo,Imperativo,irregular,ar,no,cambio ortográfico,sí,,explica / no expliques,explique / no explique,expliquemos / no expliquemos,expliquen / no expliquen,
leer__presente_indicativo,132,leer,leer,presente_indicativo,Presente,regular,er,no,regular,sí,leo,lees,lee,leemos,leen,
leer__preterito,132,leer,leer,preterito,Pretérito,irregular,er,no,i→y,sí,leí,leíste,leyó,leímos,leyeron,
leer__imperfecto,132,leer,leer,imperfecto,Imperfecto,regular,er,no,regular,sí,leía,leías,leía,leíamos,leían,
leer__futuro,132,leer,leer,futuro,Futuro,regular,er,no,regular,sí,leeré,leerás,leerá,leeremos,leerán,
leer__condicional,132,leer,leer,condicional,Condicional,regular,er,no,regular,sí,leería,leerías,leería,leeríamos,leerían,
leer__presente_subjuntivo,132,leer,leer,presente_subjuntivo,Presente de subjuntivo,regular,er,no,regular,sí,lea,leas,lea,leamos,lean,
leer__imperfecto_subjuntivo,132,leer,leer,imperfecto_subjuntivo,Imperfecto de subjuntivo,irregular,er,no,i→y,sí,leyera,leyeras,leyera,leyéramos,leyeran,
leer__imperativo,132,leer,leer,imperativo,Imperativo,regular,er,no,regular,sí,,lee / no leas,lea / no lea,leamos / no leamos,lean / no lean,
darse_cuenta__presente_indicativo,136,darse cuenta,dar,presente_indicativo,Presente,irregular,ar,sí,yo irregular,sí,me doy cuenta,te das cuenta,se da cuenta,nos damos cuenta,se dan cuenta,
darse_cuenta__preterito,136,darse cuenta,dar,preterito,Pretérito,irregular,ar,sí,muy irregular,sí,me di cuenta,te diste cuenta,se dio cuenta,nos dimos cuenta,se dieron cuenta,
darse_cuenta__imperfecto,136,darse cuenta,dar,imperfecto,Imperfecto,regular,ar,sí,regular,sí,me daba cuenta,te dabas cuenta,se daba cuenta,nos dábamos cuenta,se daban cuenta,
darse_cuenta__futuro,136,darse cuenta,dar,futuro,Futuro,regular,ar,sí,regular,sí,me daré cuenta,te darás cuenta,se dará cuenta,nos daremos cuenta,se darán cuenta,
darse_cuenta__condicional,136,darse cuenta,dar,condicional,Condicional,regular,ar,sí,regular,sí,me daría cuenta,te darías cuenta,se daría cuenta,nos daríamos cuenta,se darían cuenta,
darse_cuenta__presente_subjuntivo,136,darse cuenta,dar,presente_subjuntivo,Presente de subjuntivo,irregular,ar,sí,muy irregular,sí,me dé cuenta,te des cuenta,se dé cuenta,nos demos cuenta,se den cuenta,
darse_cuenta__imperfecto_subjuntivo,136,darse cuenta,dar,imperfecto_subjuntivo,Imperfecto de subjuntivo,irregular,ar,sí,muy irregular,sí,me diera cuenta,te dieras cuenta,se diera cuenta,nos diéramos cuenta,se dieran cuenta,
darse_cuenta__imperativo,136,darse cuenta,dar,imperativo,Imperativo,irregular,ar,sí,muy irregular,sí,,date cuenta / no te des cuenta,dese cuenta / no se dé cuenta,démonos cuenta / no nos demos cuenta,dense cuenta / no se den cuenta,
vacunar__presente_indicativo,137,vacunar,vacunar,presente_indicativo,Presente,regular,ar,no,regular,sí,vacuno,vacunas,vacuna,vacunamos,vacunan,
vacunar__preterito,137,vacunar,vacunar,preterito,Pretérito,regular,ar,no,regular,sí,vacuné,vacunaste,vacunó,vacunamos,vacunaron,
vacunar__imperfecto,137,vacunar,vacunar,imperfecto,Imperfecto,regular,ar,no,regular,sí,vacunaba,vacunabas,vacunaba,vacunábamos,vacunaban,
vacunar__futuro,137,vacunar,vacunar,futuro,Futuro,regular,ar,no,regular,sí,vacunaré,vacunarás,vacunará,vacunaremos,vacunarán,
vacunar__condicional,137,vacunar,vacunar,condicional,Condicional,regular,ar,no,regular,sí,vacunaría,vacunarías,vacunaría,vacunaríamos,vacunarían,
vacunar__presente_subjuntivo,137,vacunar,vacunar,presente_subjuntivo,Presente de subjuntivo,regular,ar,no,regular,sí,vacune,vacunes,vacune,vacunemos,vacunen,
vacunar__imperfecto_subjuntivo,137,vacunar,vacunar,imperfecto_subjuntivo,Imperfecto de subjuntivo,regular,ar,no,regular,sí,vacunara,vacunaras,vacunara,vacunáramos,vacunaran,
vacunar__imperativo,137,vacunar,vacunar,imperativo,Imperativo,regular,ar,no,regular,sí,,vacuna / no vacunes,vacune / no vacune,vacunemos / no vacunemos,vacunen / no vacunen,
alcanzar__presente_indicativo,138,alcanzar,alcanzar,presente_indicativo,Presente,regular,ar,no,regular,sí,alcanzo,alcanzas,alcanza,alcanzamos,alcanzan,
alcanzar__preterito,138,alcanzar,alcanzar,preterito,Pretérito,irregular,ar,no,cambio ortográfico,sí,alcancé,alcanzaste,alcanzó,alcanzamos,alcanzaron,
alcanzar__imperfecto,138,alcanzar,alcanzar,imperfecto,Imperfecto,regular,ar,no,regular,sí,alcanzaba,alcanzabas,alcanzaba,alcanzábamos,alcanzaban,
alcanzar__futuro,138,alcanzar,alcanzar,futuro,Futuro,regular,ar,no,regular,sí,alcanzaré,alcanzarás,alcanzará,alcanzaremos,alcanzarán,
alcanzar__condicional,138,alcanzar,alcanzar,condicional,Condicional,regular,ar,no,regular,sí,alcanzaría,alcanzarías,alcanzaría,alcanzaríamos,alcanzarían,
alcanzar__presente_subjuntivo,138,alcanzar,alcanzar,presente_subjuntivo,Presente de subjuntivo,irregular,ar,no,cambio ortográfico,sí,alcance,alcances,alcance,alcancemos,alcancen,
alcanzar__imperfecto_subjuntivo,138,alcanzar,alcanzar,imperfecto_subjuntivo,Imperfecto de subjuntivo,regular,ar,no,regular,sí,alcanzara,alcanzaras,alcanzara,alcanzáramos,alcanzaran,
alcanzar__imperativo,138,alcanzar,alcanzar,imperativo,Imperativo,irregular,ar,no,cambio ortográfico,sí,,alcanza / no alcances,alcance / no alcance,alcancemos / no alcancemos,alcancen / no alcancen,
calentar__presente_indicativo,140,calentar,calentar,presente_indicativo,Presente,irregular,ar,no,e→ie,sí,caliento,calientas,calienta,calentamos,calientan,
calentar__preterito,140,calentar,calentar,preterito,Pretérito,regular,ar,no,regular,sí,calenté,calentaste,calentó,calentamos,calentaron,
calentar__imperfecto,140,calentar,calentar,imperfecto,Imperfecto,regular,ar,no,regular,sí,calentaba,calentabas,calentaba,calentábamos,calentaban,
calentar__futuro,140,calentar,calentar,futuro,Futuro,regular,ar,no,regular,sí,calentaré,calentarás,calentará,calentaremos,calentarán,
calentar__condicional,140,calentar,calentar,condicional,Condicional,regular,ar,no,regular,sí,calentaría,calentarías,calentaría,calentaríamos,calentarían,
calentar__presente_subjuntivo,140,calentar,calentar,presente_subjuntivo,Presente de subjuntivo,irregular,ar,no,e→ie,sí,caliente,calientes,caliente,calentemos,calienten,
calentar__imperfecto_subjuntivo,140,calentar,calentar,imperfecto_subjuntivo,Imperfecto de subjuntivo,regular,ar,no,regular,sí,calentara,calentaras,calentara,calentáramos,calentaran,
calentar__imperativo,140,calentar,calentar,imperativo,Imperativo,irregular,ar,no,e→ie,sí,,calienta / no calientes,caliente / no caliente,calentemos / no calentemos,calienten / no calienten,
marcar__presente_indicativo,143,marcar,marcar,presente_indicativo,Presente,regular,ar,no,regular,sí,marco,marcas,marca,marcamos,marcan,
marcar__preterito,143,marcar,marcar,preterito,Pretérito,irregular,ar,no,cambio ortográfico,sí,marqué,marcaste,marcó,marcamos,marcaron,
marcar__imperfecto,143,marcar,marcar,imperfecto,Imperfecto,regular,ar,no,regular,sí,marcaba,marcabas,marcaba,marcábamos,marcaban,
marcar__futuro,143,marcar,marcar,futuro,Futuro,regular,ar,no,regular,sí,marcaré,marcarás,marcará,marcaremos,marcarán,
marcar__condicional,143,marcar,marcar,condicional,Condicional,regular,ar,no,regular,sí,marcaría,marcarías,marcaría,marcaríamos,marcarían,
marcar__presente_subjuntivo,143,marcar,marcar,presente_subjuntivo,Presente de subjuntivo,irregular,ar,no,cambio ortográfico,sí,marque,marques,marque,marquemos,marquen,
marcar__imperfecto_subjuntivo,143,marcar,marcar,imperfecto_subjuntivo,Imperfecto de subjuntivo,regular,ar,no,regular,sí,marcara,marcaras,marcara,marcáramos,marcaran,
marcar__imperativo,143,marcar,marcar,imperativo,Imperativo,irregular,ar,no,cambio ortográfico,sí,,marca / no marques,marque / no marque,marquemos / no marquemos,marquen / no marquen,
recordar__presente_indicativo,154,recordar,recordar,presente_indicativo,Presente,irregular,ar,no,o→ue,sí,recuerdo,recuerdas,recuerda,recordamos,recuerdan,
recordar__preterito,154,recordar,recordar,preterito,Pretérito,regular,ar,no,regular,sí,recordé,recordaste,recordó,recordamos,recordaron,
recordar__imperfecto,154,recordar,recordar,imperfecto,Imperfecto,regular,ar,no,regular,sí,recordaba,recordabas,recordaba,recordábamos,recordaban,
recordar__futuro,154,recordar,recordar,futuro,Futuro,regular,ar,no,regular,sí,recordaré,recordarás,recordará,recordaremos,recordarán,
recordar__condicional,154,recordar,recordar,condicional,Condicional,regular,ar,no,regular,sí,recordaría,recordarías,recordaría,recordaríamos,recordarían,
recordar__presente_subjuntivo,154,recordar,recordar,presente_subjuntivo,Presente de subjuntivo,irregular,ar,no,o→ue,sí,recuerde,recuerdes,recuerde,recordemos,recuerden,
recordar__imperfecto_subjuntivo,154,recordar,recordar,imperfecto_subjuntivo,Imperfecto de subjuntivo,regular,ar,no,regular,sí,recordara,recordaras,recordara,recordáramos,recordaran,
recordar__imperativo,154,recordar,recordar,imperativo,Imperativo,irregular,ar,no,o→ue,sí,,recuerda / no recuerdes,recuerde / no recuerde,recordemos / no recordemos,recuerden / no recuerden,
cocinar__presente_indicativo,155,cocinar,cocinar,presente_indicativo,Presente,regular,ar,no,regular,sí,cocino,cocinas,cocina,cocinamos,cocinan,
cocinar__preterito,155,cocinar,cocinar,preterito,Pretérito,regular,ar,no,regular,sí,cociné,cocinaste,cocinó,cocinamos,cocinaron,
cocinar__imperfecto,155,cocinar,cocinar,imperfecto,Imperfecto,regular,ar,no,regular,sí,cocinaba,cocinabas,cocinaba,cocinábamos,cocinaban,
cocinar__futuro,155,cocinar,cocinar,futuro,Futuro,regular,ar,no,regular,sí,cocinaré,cocinarás,cocinará,cocinaremos,cocinarán,
cocinar__condicional,155,cocinar,cocinar,condicional,Condicional,regular,ar,no,regular,sí,cocinaría,cocinarías,cocinaría,cocinaríamos,cocinarían,
cocinar__presente_subjuntivo,155,cocinar,cocinar,presente_subjuntivo,Presente de subjuntivo,regular,ar,no,regular,sí,cocine,cocines,cocine,cocinemos,cocinen,
cocinar__imperfecto_subjuntivo,155,cocinar,cocinar,imperfecto_subjuntivo,Imperfecto de subjuntivo,regular,ar,no,regular,sí,cocinara,cocinaras,cocinara,cocináramos,cocinaran,
cocinar__imperativo,155,cocinar,cocinar,imperativo,Imperativo,regular,ar,no,regular,sí,,cocina / no cocines,cocine / no cocine,cocinemos / no cocinemos,cocinen / no cocinen,
dormirse__presente_indicativo,157,dormirse,dormir,presente_indicativo,Presente,irregular,ir,sí,o→ue,sí,me duermo,te duermes,se duerme,nos dormimos,se duermen,
dormirse__preterito,157,dormirse,dormir,preterito,Pretérito,irregular,ir,sí,o→u (3.ª persona),sí,me dormí,te dormiste,se durmió,nos dormimos,se durmieron,
dormirse__imperfecto,157,dormirse,dormir,imperfecto,Imperfecto,regular,ir,sí,regular,sí,me dormía,te dormías,se dormía,nos dormíamos,se dormían,
dormirse__futuro,157,dormirse,dormir,futuro,Futuro,regular,ir,sí,regular,sí,me dormiré,te dormirás,se dormirá,nos dormiremos,se dormirán,
dormirse__condicional,157,dormirse,dormir,condicional,Condicional,regular,ir,sí,regular,sí,me dormiría,te dormirías,se dormiría,nos dormiríamos,se dormirían,
dormirse__presente_subjuntivo,157,dormirse,dormir,presente_subjuntivo,Presente de subjuntivo,irregular,ir,sí,o→ue/o→u (-ir),sí,me duerma,te duermas,se duerma,nos durmamos,se duerman,
dormirse__imperfecto_subjuntivo,157,dormirse,dormir,imperfecto_subjuntivo,Imperfecto de subjuntivo,irregular,ir,sí,o→u,sí,me durmiera,te durmieras,se durmiera,nos durmiéramos,se durmieran,
dormirse__imperativo,157,dormirse,dormir,imperativo,Imperativo,irregular,ir,sí,o→ue/o→u (-ir),sí,,duérmete / no te duermas,duérmase / no se duerma,durmámonos / no nos durmamos,duérmanse / no se duerman,
costar__presente_indicativo,158,costar,costar,presente_indicativo,Presente,irregular,ar,no,o→ue,sí,cuesto,cuestas,cuesta,costamos,cuestan,
costar__preterito,158,costar,costar,preterito,Pretérito,regular,ar,no,regular,sí,costé,costaste,costó,costamos,costaron,
costar__imperfecto,158,costar,costar,imperfecto,Imperfecto,regular,ar,no,regular,sí,costaba,costabas,costaba,costábamos,costaban,
costar__futuro,158,costar,costar,futuro,Futuro,regular,ar,no,regular,sí,costaré,costarás,costará,costaremos,costarán,
costar__condicional,158,costar,costar,condicional,Condicional,regular,ar,no,regular,sí,costaría,costarías,costaría,costaríamos,costarían,
costar__presente_subjuntivo,158,costar,costar,presente_subjuntivo,Presente de subjuntivo,irregular,ar,no,o→ue,sí,cueste,cuestes,cueste,costemos,cuesten,
costar__imperfecto_subjuntivo,158,costar,costar,imperfecto_subjuntivo,Imperfecto de subjuntivo,regular,ar,no,regular,sí,costara,costaras,costara,costáramos,costaran,
costar__imperativo,158,costar,costar,imperativo,Imperativo,irregular,ar,no,o→ue,sí,,cuesta / no cuestes,cueste / no cueste,costemos / no costemos,cuesten / no cuesten,
largar__presente_indicativo,159,largar,largar,presente_indicativo,Presente,regular,ar,no,regular,sí,largo,largas,larga,largamos,largan,
largar__preterito,159,largar,largar,preterito,Pretérito,irregular,ar,no,cambio ortográfico,sí,largué,largaste,largó,largamos,largaron,
largar__imperfecto,159,largar,largar,imperfecto,Imperfecto,regular,ar,no,regular,sí,largaba,largabas,largaba,largábamos,largaban,
largar__futuro,159,largar,largar,futuro,Futuro,regular,ar,no,regular,sí,largaré,largarás,largará,largaremos,largarán,
largar__condicional,159,largar,largar,condicional,Condicional,regular,ar,no,regular,sí,largaría,largarías,largaría,largaríamos,largarían,
largar__presente_subjuntivo,159,largar,largar,presente_subjuntivo,Presente de subjuntivo,irregular,ar,no,cambio ortográfico,sí,largue,largues,largue,larguemos,larguen,
largar__imperfecto_subjuntivo,159,largar,largar,imperfecto_subjuntivo,Imperfecto de subjuntivo,regular,ar,no,regular,sí,largara,largaras,largara,largáramos,largaran,
largar__imperativo,159,largar,largar,imperativo,Imperativo,irregular,ar,no,cambio ortográfico,sí,,larga / no largues,largue / no largue,larguemos / no larguemos,larguen / no larguen,
checar__presente_indicativo,161,checar,checar,presente_indicativo,Presente,regular,ar,no,regular,sí,checo,checas,checa,checamos,checan,
checar__preterito,161,checar,checar,preterito,Pretérito,irregular,ar,no,cambio ortográfico,sí,chequé,checaste,checó,checamos,checaron,
checar__imperfecto,161,checar,checar,imperfecto,Imperfecto,regular,ar,no,regular,sí,checaba,checabas,checaba,checábamos,checaban,
checar__futuro,161,checar,checar,futuro,Futuro,regular,ar,no,regular,sí,checaré,checarás,checará,checaremos,checarán,
checar__condicional,161,checar,checar,condicional,Condicional,regular,ar,no,regular,sí,checaría,checarías,checaría,checaríamos,checarían,
checar__presente_subjuntivo,161,checar,checar,presente_subjuntivo,Presente de subjuntivo,irregular,ar,no,cambio ortográfico,sí,cheque,cheques,cheque,chequemos,chequen,
checar__imperfecto_subjuntivo,161,checar,checar,imperfecto_subjuntivo,Imperfecto de subjuntivo,regular,ar,no,regular,sí,checara,checaras,checara,checáramos,checaran,
checar__imperativo,161,checar,checar,imperativo,Imperativo,irregular,ar,no,cambio ortográfico,sí,,checa / no cheques,cheque / no cheque,chequemos / no chequemos,chequen / no chequen,
moverse__presente_indicativo,162,moverse,mover,presente_indicativo,Presente,irregular,er,sí,o→ue,sí,me muevo,te mueves,se mueve,nos movemos,se mueven,
moverse__preterito,162,moverse,mover,preterito,Pretérito,regular,er,sí,regular,sí,me moví,te moviste,se movió,nos movimos,se movieron,
moverse__imperfecto,162,moverse,mover,imperfecto,Imperfecto,regular,er,sí,regular,sí,me movía,te movías,se movía,nos movíamos,se movían,
moverse__futuro,162,moverse,mover,futuro,Futuro,regular,er,sí,regular,sí,me moveré,te moverás,se moverá,nos moveremos,se moverán,
moverse__condicional,162,moverse,mover,condicional,Condicional,regular,er,sí,regular,sí,me movería,te moverías,se movería,nos moveríamos,se moverían,
moverse__presente_subjuntivo,162,moverse,mover,presente_subjuntivo,Presente de subjuntivo,irregular,er,sí,o→ue,sí,me mueva,te muevas,se mueva,nos movamos,se muevan,
moverse__imperfecto_subjuntivo,162,moverse,mover,imperfecto_subjuntivo,Imperfecto de subjuntivo,regular,er,sí,regular,sí,me moviera,te movieras,se moviera,nos moviéramos,se movieran,
moverse__imperativo,162,moverse,mover,imperativo,Imperativo,irregular,er,sí,o→ue,sí,,muévete / no te muevas,muévase / no se mueva,movámonos / no nos movamos,muévanse / no se muevan,
mentir__presente_indicativo,168,mentir,mentir,presente_indicativo,Presente,irregular,ir,no,e→ie,sí,miento,mientes,miente,mentimos,mienten,
mentir__preterito,168,mentir,mentir,preterito,Pretérito,irregular,ir,no,e→i (3.ª persona),sí,mentí,mentiste,mintió,mentimos,mintieron,
mentir__imperfecto,168,mentir,mentir,imperfecto,Imperfecto,regular,ir,no,regular,sí,mentía,mentías,mentía,mentíamos,mentían,
mentir__futuro,168,mentir,mentir,futuro,Futuro,regular,ir,no,regular,sí,mentiré,mentirás,mentirá,mentiremos,mentirán,
mentir__condicional,168,mentir,mentir,condicional,Condicional,regular,ir,no,regular,sí,mentiría,mentirías,mentiría,mentiríamos,mentirían,
mentir__presente_subjuntivo,168,mentir,mentir,presente_subjuntivo,Presente de subjuntivo,irregular,ir,no,e→ie/e→i (-ir),sí,mienta,mientas,mienta,mintamos,mientan,
mentir__imperfecto_subjuntivo,168,mentir,mentir,imperfecto_subjuntivo,Imperfecto de subjuntivo,irregular,ir,no,e→i,sí,mintiera,mintieras,mintiera,mintiéramos,mintieran,
mentir__imperativo,168,mentir,mentir,imperativo,Imperativo,irregular,ir,no,e→ie/e→i (-ir),sí,,miente / no mientas,mienta / no mienta,mintamos / no mintamos,mientan / no mientan,
cargar__presente_indicativo,174,cargar,cargar,presente_indicativo,Presente,regular,ar,no,regular,sí,cargo,cargas,carga,cargamos,cargan,
cargar__preterito,174,cargar,cargar,preterito,Pretérito,irregular,ar,no,cambio ortográfico,sí,cargué,cargaste,cargó,cargamos,cargaron,
cargar__imperfecto,174,cargar,cargar,imperfecto,Imperfecto,regular,ar,no,regular,sí,cargaba,cargabas,cargaba,cargábamos,cargaban,
cargar__futuro,174,cargar,cargar,futuro,Futuro,regular,ar,no,regular,sí,cargaré,cargarás,cargará,cargaremos,cargarán,
cargar__condicional,174,cargar,cargar,condicional,Condicional,regular,ar,no,regular,sí,cargaría,cargarías,cargaría,cargaríamos,cargarían,
cargar__presente_subjuntivo,174,cargar,cargar,presente_subjuntivo,Presente de subjuntivo,irregular,ar,no,cambio ortográfico,sí,cargue,cargues,cargue,carguemos,carguen,
cargar__imperfecto_subjuntivo,174,cargar,cargar,imperfecto_subjuntivo,Imperfecto de subjuntivo,regular,ar,no,regular,sí,cargara,cargaras,cargara,cargáramos,cargaran,
cargar__imperativo,174,cargar,cargar,imperativo,Imperativo,irregular,ar,no,cambio ortográfico,sí,,carga / no cargues,cargue / no cargue,carguemos / no carguemos,carguen / no carguen,
caber__presente_indicativo,175,caber,caber,presente_indicativo,Presente,irregular,er,no,yo irregular,sí,quepo,cabes,cabe,cabemos,caben,
caber__preterito,175,caber,caber,preterito,Pretérito,irregular,er,no,raíz irregular,sí,cupe,cupiste,cupo,cupimos,cupieron,
caber__imperfecto,175,caber,caber,imperfecto,Imperfecto,regular,er,no,regular,sí,cabía,cabías,cabía,cabíamos,cabían,
caber__futuro,175,caber,caber,futuro,Futuro,irregular,er,no,raíz irregular,sí,cabré,cabrás,cabrá,cabremos,cabrán,
caber__condicional,175,caber,caber,condicional,Condicional,irregular,er,no,raíz irregular,sí,cabría,cabrías,cabría,cabríamos,cabrían,
caber__presente_subjuntivo,175,caber,caber,presente_subjuntivo,Presente de subjuntivo,irregular,er,no,yo irregular,sí,quepa,quepas,quepa,quepamos,quepan,
caber__imperfecto_subjuntivo,175,caber,caber,imperfecto_subjuntivo,Imperfecto de subjuntivo,irregular,er,no,raíz irregular,sí,cupiera,cupieras,cupiera,cupiéramos,cupieran,
caber__imperativo,175,caber,caber,imperativo,Imperativo,irregular,er,no,yo irregular,sí,,cabe / no quepas,quepa / no quepa,quepamos / no quepamos,quepan / no quepan,
probar__presente_indicativo,177,probar,probar,presente_indicativo,Presente,irregular,ar,no,o→ue,sí,pruebo,pruebas,prueba,probamos,prueban,
probar__preterito,177,probar,probar,preterito,Pretérito,regular,ar,no,regular,sí,probé,probaste,probó,probamos,probaron,
probar__imperfecto,177,probar,probar,imperfecto,Imperfecto,regular,ar,no,regular,sí,probaba,probabas,probaba,probábamos,probaban,
probar__futuro,177,probar,probar,futuro,Futuro,regular,ar,no,regular,sí,probaré,probarás,probará,probaremos,probarán,
probar__condicional,177,probar,probar,condicional,Condicional,regular,ar,no,regular,sí,probaría,probarías,probaría,probaríamos,probarían,
probar__presente_subjuntivo,177,probar,probar,presente_subjuntivo,Presente de subjuntivo,irregular,ar,no,o→ue,sí,pruebe,pruebes,pruebe,probemos,prueben,
probar__imperfecto_subjuntivo,177,probar,probar,imperfecto_subjuntivo,Imperfecto de subjuntivo,regular,ar,no,regular,sí,probara,probaras,probara,probáramos,probaran,
probar__imperativo,177,probar,probar,imperativo,Imperativo,irregular,ar,no,o→ue,sí,,prueba / no pruebes,pruebe / no pruebe,probemos / no probemos,prueben / no prueben,
aparecer__presente_indicativo,180,aparecer,aparecer,presente_indicativo,Presente,irregular,er,no,yo→-zco,sí,aparezco,apareces,aparece,aparecemos,aparecen,
aparecer__preterito,180,aparecer,aparecer,preterito,Pretérito,regular,er,no,regular,sí,aparecí,apareciste,apareció,aparecimos,aparecieron,
aparecer__imperfecto,180,aparecer,aparecer,imperfecto,Imperfecto,regular,er,no,regular,sí,aparecía,aparecías,aparecía,aparecíamos,aparecían,
aparecer__futuro,180,aparecer,aparecer,futuro,Futuro,regular,er,no,regular,sí,apareceré,aparecerás,aparecerá,apareceremos,aparecerán,
aparecer__condicional,180,aparecer,aparecer,condicional,Condicional,regular,er,no,regular,sí,aparecería,aparecerías,aparecería,apareceríamos,aparecerían,
aparecer__presente_subjuntivo,180,aparecer,aparecer,presente_subjuntivo,Presente de subjuntivo,irregular,er,no,yo irregular,sí,aparezca,aparezcas,aparezca,aparezcamos,aparezcan,
aparecer__imperfecto_subjuntivo,180,aparecer,aparecer,imperfecto_subjuntivo,Imperfecto de subjuntivo,regular,er,no,regular,sí,apareciera,aparecieras,apareciera,apareciéramos,aparecieran,
aparecer__imperativo,180,aparecer,aparecer,imperativo,Imperativo,irregular,er,no,-cer→-zc-,sí,,aparece / no aparezcas,aparezca / no aparezca,aparezcamos / no aparezcamos,aparezcan / no aparezcan,
vestir__presente_indicativo,189,vestir,vestir,presente_indicativo,Presente,irregular,ir,no,e→i,sí,visto,vistes,viste,vestimos,visten,
vestir__preterito,189,vestir,vestir,preterito,Pretérito,irregular,ir,no,e→i (3.ª persona),sí,vestí,vestiste,vistió,vestimos,vistieron,
vestir__imperfecto,189,vestir,vestir,imperfecto,Imperfecto,regular,ir,no,regular,sí,vestía,vestías,vestía,vestíamos,vestían,
vestir__futuro,189,vestir,vestir,futuro,Futuro,regular,ir,no,regular,sí,vestiré,vestirás,vestirá,vestiremos,vestirán,
vestir__condicional,189,vestir,vestir,condicional,Condicional,regular,ir,no,regular,sí,vestiría,vestirías,vestiría,vestiríamos,vestirían,
vestir__presente_subjuntivo,189,vestir,vestir,presente_subjuntivo,Presente de subjuntivo,irregular,ir,no,e→i,sí,vista,vistas,vista,vistamos,vistan,
vestir__imperfecto_subjuntivo,189,vestir,vestir,imperfecto_subjuntivo,Imperfecto de subjuntivo,irregular,ir,no,e→i,sí,vistiera,vistieras,vistiera,vistiéramos,vistieran,
vestir__imperativo,189,vestir,vestir,imperativo,Imperativo,irregular,ir,no,e→i,sí,,viste / no vistas,vista / no vista,vistamos / no vistamos,vistan / no vistan,
despertar__presente_indicativo,192,despertar,despertar,presente_indicativo,Presente,irregular,ar,no,e→ie,sí,despierto,despiertas,despierta,despertamos,despiertan,
despertar__preterito,192,despertar,despertar,preterito,Pretérito,regular,ar,no,regular,sí,desperté,despertaste,despertó,despertamos,despertaron,
despertar__imperfecto,192,despertar,despertar,imperfecto,Imperfecto,regular,ar,no,regular,sí,despertaba,despertabas,despertaba,despertábamos,despertaban,
despertar__futuro,192,despertar,despertar,futuro,Futuro,regular,ar,no,regular,sí,despertaré,despertarás,despertará,despertaremos,despertarán,
despertar__condicional,192,despertar,despertar,condicional,Condicional,regular,ar,no,regular,sí,despertaría,despertarías,despertaría,despertaríamos,despertarían,
despertar__presente_subjuntivo,192,despertar,despertar,presente_subjuntivo,Presente de subjuntivo,irregular,ar,no,e→ie,sí,despierte,despiertes,despierte,despertemos,despierten,
despertar__imperfecto_subjuntivo,192,despertar,despertar,imperfecto_subjuntivo,Imperfecto de subjuntivo,regular,ar,no,regular,sí,despertara,despertaras,despertara,despertáramos,despertaran,
despertar__imperativo,192,despertar,despertar,imperativo,Imperativo,irregular,ar,no,e→ie,sí,,despierta / no despiertes,despierte / no despierte,despertemos / no despertemos,despierten / no despierten,
parecerse__presente_indicativo,196,parecerse,parecer,presente_indicativo,Presente,irregular,er,sí,yo→-zco,sí,me parezco,te pareces,se parece,nos parecemos,se parecen,
parecerse__preterito,196,parecerse,parecer,preterito,Pretérito,regular,er,sí,regular,sí,me parecí,te pareciste,se pareció,nos parecimos,se parecieron,
parecerse__imperfecto,196,parecerse,parecer,imperfecto,Imperfecto,regular,er,sí,regular,sí,me parecía,te parecías,se parecía,nos parecíamos,se parecían,
parecerse__futuro,196,parecerse,parecer,futuro,Futuro,regular,er,sí,regular,sí,me pareceré,te parecerás,se parecerá,nos pareceremos,se parecerán,
parecerse__condicional,196,parecerse,parecer,condicional,Condicional,regular,er,sí,regular,sí,me parecería,te parecerías,se parecería,nos pareceríamos,se parecerían,
parecerse__presente_subjuntivo,196,parecerse,parecer,presente_subjuntivo,Presente de subjuntivo,irregular,er,sí,yo irregular,sí,me parezca,te parezcas,se parezca,nos parezcamos,se parezcan,
parecerse__imperfecto_subjuntivo,196,parecerse,parecer,imperfecto_subjuntivo,Imperfecto de subjuntivo,regular,er,sí,regular,sí,me pareciera,te parecieras,se pareciera,nos pareciéramos,se parecieran,
parecerse__imperativo,196,parecerse,parecer,imperativo,Imperativo,irregular,er,sí,-cer→-zc-,sí,,parécete / no te parezcas,parézcase / no se parezca,parezcámonos / no nos parezcamos,parézcanse / no se parezcan,
encargar__presente_indicativo,197,encargar,encargar,presente_indicativo,Presente,regular,ar,no,regular,sí,encargo,encargas,encarga,encargamos,encargan,
encargar__preterito,197,encargar,encargar,preterito,Pretérito,irregular,ar,no,cambio ortográfico,sí,encargué,encargaste,encargó,encargamos,encargaron,
encargar__imperfecto,197,encargar,encargar,imperfecto,Imperfecto,regular,ar,no,regular,sí,encargaba,encargabas,encargaba,encargábamos,encargaban,
encargar__futuro,197,encargar,encargar,futuro,Futuro,regular,ar,no,regular,sí,encargaré,encargarás,encargará,encargaremos,encargarán,
encargar__condicional,197,encargar,encargar,condicional,Condicional,regular,ar,no,regular,sí,encargaría,encargarías,encargaría,encargaríamos,encargarían,
encargar__presente_subjuntivo,197,encargar,encargar,presente_subjuntivo,Presente de subjuntivo,irregular,ar,no,cambio ortográfico,sí,encargue,encargues,encargue,encarguemos,encarguen,
encargar__imperfecto_subjuntivo,197,encargar,encargar,imperfecto_subjuntivo,Imperfecto de subjuntivo,regular,ar,no,regular,sí,encargara,encargaras,encargara,encargáramos,encargaran,
encargar__imperativo,197,encargar,encargar,imperativo,Imperativo,irregular,ar,no,cambio ortográfico,sí,,encarga / no encargues,encargue / no encargue,encarguemos / no encarguemos,encarguen / no encarguen,
picar__presente_indicativo,203,picar,picar,presente_indicativo,Presente,regular,ar,no,regular,sí,pico,picas,pica,picamos,pican,
picar__preterito,203,picar,picar,preterito,Pretérito,irregular,ar,no,cambio ortográfico,sí,piqué,picaste,picó,picamos,picaron,
picar__imperfecto,203,picar,picar,imperfecto,Imperfecto,regular,ar,no,regular,sí,picaba,picabas,picaba,picábamos,picaban,
picar__futuro,203,picar,picar,futuro,Futuro,regular,ar,no,regular,sí,picaré,picarás,picará,picaremos,picarán,
picar__condicional,203,picar,picar,condicional,Condicional,regular,ar,no,regular,sí,picaría,picarías,picaría,picaríamos,picarían,
picar__presente_subjuntivo,203,picar,picar,presente_subjuntivo,Presente de subjuntivo,irregular,ar,no,cambio ortográfico,sí,pique,piques,pique,piquemos,piquen,
picar__imperfecto_subjuntivo,203,picar,picar,imperfecto_subjuntivo,Imperfecto de subjuntivo,regular,ar,no,regular,sí,picara,picaras,picara,picáramos,picaran,
picar__imperativo,203,picar,picar,imperativo,Imperativo,irregular,ar,no,cambio ortográfico,sí,,pica / no piques,pique / no pique,piquemos / no piquemos,piquen / no piquen,
recoger__presente_indicativo,210,recoger,recoger,presente_indicativo,Presente,irregular,er,no,yo irregular,sí,recojo,recoges,recoge,recogemos,recogen,
recoger__preterito,210,recoger,recoger,preterito,Pretérito,regular,er,no,regular,sí,recogí,recogiste,recogió,recogimos,recogieron,
recoger__imperfecto,210,recoger,recoger,imperfecto,Imperfecto,regular,er,no,regular,sí,recogía,recogías,recogía,recogíamos,recogían,
recoger__futuro,210,recoger,recoger,futuro,Futuro,regular,er,no,regular,sí,recogeré,recogerás,recogerá,recogeremos,recogerán,
recoger__condicional,210,recoger,recoger,condicional,Condicional,regular,er,no,regular,sí,recogería,recogerías,recogería,recogeríamos,recogerían,
recoger__presente_subjuntivo,210,recoger,recoger,presente_subjuntivo,Presente de subjuntivo,irregular,er,no,yo irregular,sí,recoja,recojas,recoja,recojamos,recojan,
recoger__imperfecto_subjuntivo,210,recoger,recoger,imperfecto_subjuntivo,Imperfecto de subjuntivo,regular,er,no,regular,sí,recogiera,recogieras,recogiera,recogiéramos,recogieran,
recoger__imperativo,210,recoger,recoger,imperativo,Imperativo,irregular,er,no,cambio ortográfico,sí,,recoge / no recojas,recoja / no recoja,recojamos / no recojamos,recojan / no recojan,
mostrar__presente_indicativo,217,mostrar,mostrar,presente_indicativo,Presente,irregular,ar,no,o→ue,sí,muestro,muestras,muestra,mostramos,muestran,
mostrar__preterito,217,mostrar,mostrar,preterito,Pretérito,regular,ar,no,regular,sí,mostré,mostraste,mostró,mostramos,mostraron,
mostrar__imperfecto,217,mostrar,mostrar,imperfecto,Imperfecto,regular,ar,no,regular,sí,mostraba,mostrabas,mostraba,mostrábamos,mostraban,
mostrar__futuro,217,mostrar,mostrar,futuro,Futuro,regular,ar,no,regular,sí,mostraré,mostrarás,mostrará,mostraremos,mostrarán,
mostrar__condicional,217,mostrar,mostrar,condicional,Condicional,regular,ar,no,regular,sí,mostraría,mostrarías,mostraría,mostraríamos,mostrarían,
mostrar__presente_subjuntivo,217,mostrar,mostrar,presente_subjuntivo,Presente de subjuntivo,irregular,ar,no,o→ue,sí,muestre,muestres,muestre,mostremos,muestren,
mostrar__imperfecto_subjuntivo,217,mostrar,mostrar,imperfecto_subjuntivo,Imperfecto de subjuntivo,regular,ar,no,regular,sí,mostrara,mostraras,mostrara,mostráramos,mostraran,
mostrar__imperativo,217,mostrar,mostrar,imperativo,Imperativo,irregular,ar,no,o→ue,sí,,muestra / no muestres,muestre / no muestre,mostremos / no mostremos,muestren / no muestren,
medir__presente_indicativo,218,medir,medir,presente_indicativo,Presente,irregular,ir,no,e→i,sí,mido,mides,mide,medimos,miden,
medir__preterito,218,medir,medir,preterito,Pretérito,irregular,ir,no,e→i (3.ª persona),sí,medí,mediste,midió,medimos,midieron,
medir__imperfecto,218,medir,medir,imperfecto,Imperfecto,regular,ir,no,regular,sí,medía,medías,medía,medíamos,medían,
medir__futuro,218,medir,medir,futuro,Futuro,regular,ir,no,regular,sí,mediré,medirás,medirá,mediremos,medirán,
medir__condicional,218,medir,medir,condicional,Condicional,regular,ir,no,regular,sí,mediría,medirías,mediría,mediríamos,medirían,
medir__presente_subjuntivo,218,medir,medir,presente_subjuntivo,Presente de subjuntivo,irregular,ir,no,e→i,sí,mida,midas,mida,midamos,midan,
medir__imperfecto_subjuntivo,218,medir,medir,imperfecto_subjuntivo,Imperfecto de subjuntivo,irregular,ir,no,e→i,sí,midiera,midieras,midiera,midiéramos,midieran,
medir__imperativo,218,medir,medir,imperativo,Imperativo,irregular,ir,no,e→i,sí,,mide / no midas,mida / no mida,midamos / no midamos,midan / no midan,
tragar__presente_indicativo,224,tragar,tragar,presente_indicativo,Presente,regular,ar,no,regular,sí,trago,tragas,traga,tragamos,tragan,
tragar__preterito,224,tragar,tragar,preterito,Pretérito,irregular,ar,no,cambio ortográfico,sí,tragué,tragaste,tragó,tragamos,tragaron,
tragar__imperfecto,224,tragar,tragar,imperfecto,Imperfecto,regular,ar,no,regular,sí,tragaba,tragabas,tragaba,tragábamos,tragaban,
tragar__futuro,224,tragar,tragar,futuro,Futuro,regular,ar,no,regular,sí,tragaré,tragarás,tragará,tragaremos,tragarán,
tragar__condicional,224,tragar,tragar,condicional,Condicional,regular,ar,no,regular,sí,tragaría,tragarías,tragaría,tragaríamos,tragarían,
tragar__presente_subjuntivo,224,tragar,tragar,presente_subjuntivo,Presente de subjuntivo,irregular,ar,no,cambio ortográfico,sí,trague,tragues,trague,traguemos,traguen,
tragar__imperfecto_subjuntivo,224,tragar,tragar,imperfecto_subjuntivo,Imperfecto de subjuntivo,regular,ar,no,regular,sí,tragara,tragaras,tragara,tragáramos,tragaran,
tragar__imperativo,224,tragar,tragar,imperativo,Imperativo,irregular,ar,no,cambio ortográfico,sí,,traga / no tragues,trague / no trague,traguemos / no traguemos,traguen / no traguen,
acercarse__presente_indicativo,226,acercarse,acercar,presente_indicativo,Presente,regular,ar,sí,regular,sí,me acerco,te acercas,se acerca,nos acercamos,se acercan,
acercarse__preterito,226,acercarse,acercar,preterito,Pretérito,irregular,ar,sí,cambio ortográfico,sí,me acerqué,te acercaste,se acercó,nos acercamos,se acercaron,
acercarse__imperfecto,226,acercarse,acercar,imperfecto,Imperfecto,regular,ar,sí,regular,sí,me acercaba,te acercabas,se acercaba,nos acercábamos,se acercaban,
acercarse__futuro,226,acercarse,acercar,futuro,Futuro,regular,ar,sí,regular,sí,me acercaré,te acercarás,se acercará,nos acercaremos,se acercarán,
acercarse__condicional,226,acercarse,acercar,condicional,Condicional,regular,ar,sí,regular,sí,me acercaría,te acercarías,se acercaría,nos acercaríamos,se acercarían,
acercarse__presente_subjuntivo,226,acercarse,acercar,presente_subjuntivo,Presente de subjuntivo,irregular,ar,sí,cambio ortográfico,sí,me acerque,te acerques,se acerque,nos acerquemos,se acerquen,
acercarse__imperfecto_subjuntivo,226,acercarse,acercar,imperfecto_subjuntivo,Imperfecto de subjuntivo,regular,ar,sí,regular,sí,me acercara,te acercaras,se acercara,nos acercáramos,se acercaran,
acercarse__imperativo,226,acercarse,acercar,imperativo,Imperativo,irregular,ar,sí,cambio ortográfico,sí,,acércate / no te acerques,acérquese / no se acerque,acerquémonos / no nos acerquemos,acérquense / no se acerquen,
volverse__presente_indicativo,232,volverse,volver,presente_indicativo,Presente,irregular,er,sí,o→ue,sí,me vuelvo,te vuelves,se vuelve,nos volvemos,se vuelven,
volverse__preterito,232,volverse,volver,preterito,Pretérito,regular,er,sí,regular,sí,me volví,te volviste,se volvió,nos volvimos,se volvieron,
volverse__imperfecto,232,volverse,volver,imperfecto,Imperfecto,regular,er,sí,regular,sí,me volvía,te volvías,se volvía,nos volvíamos,se volvían,
volverse__futuro,232,volverse,volver,futuro,Futuro,regular,er,sí,regular,sí,me volveré,te volverás,se volverá,nos volveremos,se volverán,
volverse__condicional,232,volverse,volver,condicional,Condicional,regular,er,sí,regular,sí,me volvería,te volverías,se volvería,nos volveríamos,se volverían,
volverse__presente_subjuntivo,232,volverse,volver,presente_subjuntivo,Presente de subjuntivo,irregular,er,sí,o→ue,sí,me vuelva,te vuelvas,se vuelva,nos volvamos,se vuelvan,
volverse__imperfecto_subjuntivo,232,volverse,volver,imperfecto_subjuntivo,Imperfecto de subjuntivo,regular,er,sí,regular,sí,me volviera,te volvieras,se volviera,nos volviéramos,se volvieran,
volverse__imperativo,232,volverse,volver,imperativo,Imperativo,irregular,er,sí,o→ue,sí,,vuélvete / no te vuelvas,vuélvase / no se vuelva,volvámonos / no nos volvamos,vuélvanse / no se vuelvan,
secar__presente_indicativo,235,secar,secar,presente_indicativo,Presente,regular,ar,no,regular,sí,seco,secas,seca,secamos,secan,
secar__preterito,235,secar,secar,preterito,Pretérito,irregular,ar,no,cambio ortográfico,sí,sequé,secaste,secó,secamos,secaron,
secar__imperfecto,235,secar,secar,imperfecto,Imperfecto,regular,ar,no,regular,sí,secaba,secabas,secaba,secábamos,secaban,
secar__futuro,235,secar,secar,futuro,Futuro,regular,ar,no,regular,sí,secaré,secarás,secará,secaremos,secarán,
secar__condicional,235,secar,secar,condicional,Condicional,regular,ar,no,regular,sí,secaría,secarías,secaría,secaríamos,secarían,
secar__presente_subjuntivo,235,secar,secar,presente_subjuntivo,Presente de subjuntivo,irregular,ar,no,cambio ortográfico,sí,seque,seques,seque,sequemos,sequen,
secar__imperfecto_subjuntivo,235,secar,secar,imperfecto_subjuntivo,Imperfecto de subjuntivo,regular,ar,no,regular,sí,secara,secaras,secara,secáramos,secaran,
secar__imperativo,235,secar,secar,imperativo,Imperativo,irregular,ar,no,cambio ortográfico,sí,,seca / no seques,seque / no seque,sequemos / no sequemos,sequen / no sequen,
aventar__presente_indicativo,240,aventar,aventar,presente_indicativo,Presente,regular,ar,no,regular,sí,avento,aventas,aventa,aventamos,aventan,
aventar__preterito,240,aventar,aventar,preterito,Pretérito,regular,ar,no,regular,sí,aventé,aventaste,aventó,aventamos,aventaron,
aventar__imperfecto,240,aventar,aventar,imperfecto,Imperfecto,regular,ar,no,regular,sí,aventaba,aventabas,aventaba,aventábamos,aventaban,
aventar__futuro,240,aventar,aventar,futuro,Futuro,regular,ar,no,regular,sí,aventaré,aventarás,aventará,aventaremos,aventarán,
aventar__condicional,240,aventar,aventar,condicional,Condicional,regular,ar,no,regular,sí,aventaría,aventarías,aventaría,aventaríamos,aventarían,
aventar__presente_subjuntivo,240,aventar,aventar,presente_subjuntivo,Presente de subjuntivo,regular,ar,no,regular,sí,avente,aventes,avente,aventemos,aventen,
aventar__imperfecto_subjuntivo,240,aventar,aventar,imperfecto_subjuntivo,Imperfecto de subjuntivo,regular,ar,no,regular,sí,aventara,aventaras,aventara,aventáramos,aventaran,
aventar__imperativo,240,aventar,aventar,imperativo,Imperativo,regular,ar,no,regular,sí,,aventa / no aventes,avente / no avente,aventemos / no aventemos,aventen / no aventen,
reconocer__presente_indicativo,241,reconocer,reconocer,presente_indicativo,Presente,irregular,er,no,yo→-zco,sí,reconozco,reconoces,reconoce,reconocemos,reconocen,
reconocer__preterito,241,reconocer,reconocer,preterito,Pretérito,regular,er,no,regular,sí,reconocí,reconociste,reconoció,reconocimos,reconocieron,
reconocer__imperfecto,241,reconocer,reconocer,imperfecto,Imperfecto,regular,er,no,regular,sí,reconocía,reconocías,reconocía,reconocíamos,reconocían,
reconocer__futuro,241,reconocer,reconocer,futuro,Futuro,regular,er,no,regular,sí,reconoceré,reconocerás,reconocerá,reconoceremos,reconocerán,
reconocer__condicional,241,reconocer,reconocer,condicional,Condicional,regular,er,no,regular,sí,reconocería,reconocerías,reconocería,reconoceríamos,reconocerían,
reconocer__presente_subjuntivo,241,reconocer,reconocer,presente_subjuntivo,Presente de subjuntivo,irregular,er,no,yo irregular,sí,reconozca,reconozcas,reconozca,reconozcamos,reconozcan,
reconocer__imperfecto_subjuntivo,241,reconocer,reconocer,imperfecto_subjuntivo,Imperfecto de subjuntivo,regular,er,no,regular,sí,reconociera,reconocieras,reconociera,reconociéramos,reconocieran,
reconocer__imperativo,241,reconocer,reconocer,imperativo,Imperativo,irregular,er,no,-cer→-zc-,sí,,reconoce / no reconozcas,reconozca / no reconozca,reconozcamos / no reconozcamos,reconozcan / no reconozcan,
ofrecer__presente_indicativo,242,ofrecer,ofrecer,presente_indicativo,Presente,irregular,er,no,yo→-zco,sí,ofrezco,ofreces,ofrece,ofrecemos,ofrecen,
ofrecer__preterito,242,ofrecer,ofrecer,preterito,Pretérito,regular,er,no,regular,sí,ofrecí,ofreciste,ofreció,ofrecimos,ofrecieron,
ofrecer__imperfecto,242,ofrecer,ofrecer,imperfecto,Imperfecto,regular,er,no,regular,sí,ofrecía,ofrecías,ofrecía,ofrecíamos,ofrecían,
ofrecer__futuro,242,ofrecer,ofrecer,futuro,Futuro,regular,er,no,regular,sí,ofreceré,ofrecerás,ofrecerá,ofreceremos,ofrecerán,
ofrecer__condicional,242,ofrecer,ofrecer,condicional,Condicional,regular,er,no,regular,sí,ofrecería,ofrecerías,ofrecería,ofreceríamos,ofrecerían,
ofrecer__presente_subjuntivo,242,ofrecer,ofrecer,presente_subjuntivo,Presente de subjuntivo,irregular,er,no,yo irregular,sí,ofrezca,ofrezcas,ofrezca,ofrezcamos,ofrezcan,
ofrecer__imperfecto_subjuntivo,242,ofrecer,ofrecer,imperfecto_subjuntivo,Imperfecto de subjuntivo,regular,er,no,regular,sí,ofreciera,ofrecieras,ofreciera,ofreciéramos,ofrecieran,
ofrecer__imperativo,242,ofrecer,ofrecer,imperativo,Imperativo,irregular,er,no,-cer→-zc-,sí,,ofrece / no ofrezcas,ofrezca / no ofrezca,ofrezcamos / no ofrezcamos,ofrezcan / no ofrezcan,
atender__presente_indicativo,245,atender,atender,presente_indicativo,Presente,irregular,er,no,e→ie,sí,atiendo,atiendes,atiende,atendemos,atienden,
atender__preterito,245,atender,atender,preterito,Pretérito,regular,er,no,regular,sí,atendí,atendiste,atendió,atendimos,atendieron,
atender__imperfecto,245,atender,atender,imperfecto,Imperfecto,regular,er,no,regular,sí,atendía,atendías,atendía,atendíamos,atendían,
atender__futuro,245,atender,atender,futuro,Futuro,regular,er,no,regular,sí,atenderé,atenderás,atenderá,atenderemos,atenderán,
atender__condicional,245,atender,atender,condicional,Condicional,regular,er,no,regular,sí,atendería,atenderías,atendería,atenderíamos,atenderían,
atender__presente_subjuntivo,245,atender,atender,presente_subjuntivo,Presente de subjuntivo,irregular,er,no,e→ie,sí,atienda,atiendas,atienda,atendamos,atiendan,
atender__imperfecto_subjuntivo,245,atender,atender,imperfecto_subjuntivo,Imperfecto de subjuntivo,regular,er,no,regular,sí,atendiera,atendieras,atendiera,atendiéramos,atendieran,
atender__imperativo,245,atender,atender,imperativo,Imperativo,irregular,er,no,e→ie,sí,,atiende / no atiendas,atienda / no atienda,atendamos / no atendamos,atiendan / no atiendan,
aplicar__presente_indicativo,248,aplicar,aplicar,presente_indicativo,Presente,regular,ar,no,regular,sí,aplico,aplicas,aplica,aplicamos,aplican,
aplicar__preterito,248,aplicar,aplicar,preterito,Pretérito,irregular,ar,no,cambio ortográfico,sí,apliqué,aplicaste,aplicó,aplicamos,aplicaron,
aplicar__imperfecto,248,aplicar,aplicar,imperfecto,Imperfecto,regular,ar,no,regular,sí,aplicaba,aplicabas,aplicaba,aplicábamos,aplicaban,
aplicar__futuro,248,aplicar,aplicar,futuro,Futuro,regular,ar,no,regular,sí,aplicaré,aplicarás,aplicará,aplicaremos,aplicarán,
aplicar__condicional,248,aplicar,aplicar,condicional,Condicional,regular,ar,no,regular,sí,aplicaría,aplicarías,aplicaría,aplicaríamos,aplicarían,
aplicar__presente_subjuntivo,248,aplicar,aplicar,presente_subjuntivo,Presente de subjuntivo,irregular,ar,no,cambio ortográfico,sí,aplique,apliques,aplique,apliquemos,apliquen,
aplicar__imperfecto_subjuntivo,248,aplicar,aplicar,imperfecto_subjuntivo,Imperfecto de subjuntivo,regular,ar,no,regular,sí,aplicara,aplicaras,aplicara,aplicáramos,aplicaran,
aplicar__imperativo,248,aplicar,aplicar,imperativo,Imperativo,irregular,ar,no,cambio ortográfico,sí,,aplica / no apliques,aplique / no aplique,apliquemos / no apliquemos,apliquen / no apliquen,
encontrarse__presente_indicativo,249,encontrarse,encontrar,presente_indicativo,Presente,irregular,ar,sí,o→ue,sí,me encuentro,te encuentras,se encuentra,nos encontramos,se encuentran,
encontrarse__preterito,249,encontrarse,encontrar,preterito,Pretérito,regular,ar,sí,regular,sí,me encontré,te encontraste,se encontró,nos encontramos,se encontraron,
encontrarse__imperfecto,249,encontrarse,encontrar,imperfecto,Imperfecto,regular,ar,sí,regular,sí,me encontraba,te encontrabas,se encontraba,nos encontrábamos,se encontraban,
encontrarse__futuro,249,encontrarse,encontrar,futuro,Futuro,regular,ar,sí,regular,sí,me encontraré,te encontrarás,se encontrará,nos encontraremos,se encontrarán,
encontrarse__condicional,249,encontrarse,encontrar,condicional,Condicional,regular,ar,sí,regular,sí,me encontraría,te encontrarías,se encontraría,nos encontraríamos,se encontrarían,
encontrarse__presente_subjuntivo,249,encontrarse,encontrar,presente_subjuntivo,Presente de subjuntivo,irregular,ar,sí,o→ue,sí,me encuentre,te encuentres,se encuentre,nos encontremos,se encuentren,
encontrarse__imperfecto_subjuntivo,249,encontrarse,encontrar,imperfecto_subjuntivo,Imperfecto de subjuntivo,regular,ar,sí,regular,sí,me encontrara,te encontraras,se encontrara,nos encontráramos,se encontraran,
encontrarse__imperativo,249,encontrarse,encontrar,imperativo,Imperativo,irregular,ar,sí,o→ue,sí,,encuéntrate / no te encuentres,encuéntrese / no se encuentre,encontrémonos / no nos encontremos,encuéntrense / no se encuentren,
conseguir__presente_indicativo,251,conseguir,conseguir,presente_indicativo,Presente,irregular,ir,no,e→i,sí,consigo,consigues,consigue,conseguimos,consiguen,
conseguir__preterito,251,conseguir,conseguir,preterito,Pretérito,irregular,ir,no,e→i (3.ª persona),sí,conseguí,conseguiste,consiguió,conseguimos,consiguieron,
conseguir__imperfecto,251,conseguir,conseguir,imperfecto,Imperfecto,regular,ir,no,regular,sí,conseguía,conseguías,conseguía,conseguíamos,conseguían,
conseguir__futuro,251,conseguir,conseguir,futuro,Futuro,regular,ir,no,regular,sí,conseguiré,conseguirás,conseguirá,conseguiremos,conseguirán,
conseguir__condicional,251,conseguir,conseguir,condicional,Condicional,regular,ir,no,regular,sí,conseguiría,conseguirías,conseguiría,conseguiríamos,conseguirían,
conseguir__presente_subjuntivo,251,conseguir,conseguir,presente_subjuntivo,Presente de subjuntivo,irregular,ir,no,e→i,sí,consiga,consigas,consiga,consigamos,consigan,
conseguir__imperfecto_subjuntivo,251,conseguir,conseguir,imperfecto_subjuntivo,Imperfecto de subjuntivo,irregular,ir,no,e→i,sí,consiguiera,consiguieras,consiguiera,consiguiéramos,consiguieran,
conseguir__imperativo,251,conseguir,conseguir,imperativo,Imperativo,irregular,ir,no,e→i,sí,,consigue / no consigas,consiga / no consiga,consigamos / no consigamos,consigan / no consigan,
prender__presente_indicativo,257,prender,prender,presente_indicativo,Presente,regular,er,no,regular,sí,prendo,prendes,prende,prendemos,prenden,
prender__preterito,257,prender,prender,preterito,Pretérito,regular,er,no,regular,sí,prendí,prendiste,prendió,prendimos,prendieron,
prender__imperfecto,257,prender,prender,imperfecto,Imperfecto,regular,er,no,regular,sí,prendía,prendías,prendía,prendíamos,prendían,
prender__futuro,257,prender,prender,futuro,Futuro,regular,er,no,regular,sí,prenderé,prenderás,prenderá,prenderemos,prenderán,
prender__condicional,257,prender,prender,condicional,Condicional,regular,er,no,regular,sí,prendería,prenderías,prendería,prenderíamos,prenderían,
prender__presente_subjuntivo,257,prender,prender,presente_subjuntivo,Presente de subjuntivo,regular,er,no,regular,sí,prenda,prendas,prenda,prendamos,prendan,
prender__imperfecto_subjuntivo,257,prender,prender,imperfecto_subjuntivo,Imperfecto de subjuntivo,regular,er,no,regular,sí,prendiera,prendieras,prendiera,prendiéramos,prendieran,
prender__imperativo,257,prender,prender,imperativo,Imperativo,regular,er,no,regular,sí,,prende / no prendas,prenda / no prenda,prendamos / no prendamos,prendan / no prendan,
refrescar__presente_indicativo,259,refrescar,refrescar,presente_indicativo,Presente,regular,ar,no,regular,sí,refresco,refrescas,refresca,refrescamos,refrescan,
refrescar__preterito,259,refrescar,refrescar,preterito,Pretérito,irregular,ar,no,cambio ortográfico,sí,refresqué,refrescaste,refrescó,refrescamos,refrescaron,
refrescar__imperfecto,259,refrescar,refrescar,imperfecto,Imperfecto,regular,ar,no,regular,sí,refrescaba,refrescabas,refrescaba,refrescábamos,refrescaban,
refrescar__futuro,259,refrescar,refrescar,futuro,Futuro,regular,ar,no,regular,sí,refrescaré,refrescarás,refrescará,refrescaremos,refrescarán,
refrescar__condicional,259,refrescar,refrescar,condicional,Condicional,regular,ar,no,regular,sí,refrescaría,refrescarías,refrescaría,refrescaríamos,refrescarían,
refrescar__presente_subjuntivo,259,refrescar,refrescar,presente_subjuntivo,Presente de subjuntivo,irregular,ar,no,cambio ortográfico,sí,refresque,refresques,refresque,refresquemos,refresquen,
refrescar__imperfecto_subjuntivo,259,refrescar,refrescar,imperfecto_subjuntivo,Imperfecto de subjuntivo,regular,ar,no,regular,sí,refrescara,refrescaras,refrescara,refrescáramos,refrescaran,
refrescar__imperativo,259,refrescar,refrescar,imperativo,Imperativo,irregular,ar,no,cambio ortográfico,sí,,refresca / no refresques,refresque / no refresque,refresquemos / no refresquemos,refresquen / no refresquen,
avanzar__presente_indicativo,262,avanzar,avanzar,presente_indicativo,Presente,regular,ar,no,regular,sí,avanzo,avanzas,avanza,avanzamos,avanzan,
avanzar__preterito,262,avanzar,avanzar,preterito,Pretérito,irregular,ar,no,cambio ortográfico,sí,avancé,avanzaste,avanzó,avanzamos,avanzaron,
avanzar__imperfecto,262,avanzar,avanzar,imperfecto,Imperfecto,regular,ar,no,regular,sí,avanzaba,avanzabas,avanzaba,avanzábamos,avanzaban,
avanzar__futuro,262,avanzar,avanzar,futuro,Futuro,regular,ar,no,regular,sí,avanzaré,avanzarás,avanzará,avanzaremos,avanzarán,
avanzar__condicional,262,avanzar,avanzar,condicional,Condicional,regular,ar,no,regular,sí,avanzaría,avanzarías,avanzaría,avanzaríamos,avanzarían,
avanzar__presente_subjuntivo,262,avanzar,avanzar,presente_subjuntivo,Presente de subjuntivo,irregular,ar,no,cambio ortográfico,sí,avance,avances,avance,avancemos,avancen,
avanzar__imperfecto_subjuntivo,262,avanzar,avanzar,imperfecto_subjuntivo,Imperfecto de subjuntivo,regular,ar,no,regular,sí,avanzara,avanzaras,avanzara,avanzáramos,avanzaran,
avanzar__imperativo,262,avanzar,avanzar,imperativo,Imperativo,irregular,ar,no,cambio ortográfico,sí,,avanza / no avances,avance / no avance,avancemos / no avancemos,avancen / no avancen,
apagar__presente_indicativo,264,apagar,apagar,presente_indicativo,Presente,regular,ar,no,regular,sí,apago,apagas,apaga,apagamos,apagan,
apagar__preterito,264,apagar,apagar,preterito,Pretérito,irregular,ar,no,cambio ortográfico,sí,apagué,apagaste,apagó,apagamos,apagaron,
apagar__imperfecto,264,apagar,apagar,imperfecto,Imperfecto,regular,ar,no,regular,sí,apagaba,apagabas,apagaba,apagábamos,apagaban,
apagar__futuro,264,apagar,apagar,futuro,Futuro,regular,ar,no,regular,sí,apagaré,apagarás,apagará,apagaremos,apagarán,
apagar__condicional,264,apagar,apagar,condicional,Condicional,regular,ar,no,regular,sí,apagaría,apagarías,apagaría,apagaríamos,apagarían,
apagar__presente_subjuntivo,264,apagar,apagar,presente_subjuntivo,Presente de subjuntivo,irregular,ar,no,cambio ortográfico,sí,apague,apagues,apague,apaguemos,apaguen,
apagar__imperfecto_subjuntivo,264,apagar,apagar,imperfecto_subjuntivo,Imperfecto de subjuntivo,regular,ar,no,regular,sí,apagara,apagaras,apagara,apagáramos,apagaran,
apagar__imperativo,264,apagar,apagar,imperativo,Imperativo,irregular,ar,no,cambio ortográfico,sí,,apaga / no apagues,apague / no apague,apaguemos / no apaguemos,apaguen / no apaguen,
sentarse__presente_indicativo,266,sentarse,sentar,presente_indicativo,Presente,irregular,ar,sí,e→ie,sí,me siento,te sientas,se sienta,nos sentamos,se sientan,
sentarse__preterito,266,sentarse,sentar,preterito,Pretérito,regular,ar,sí,regular,sí,me senté,te sentaste,se sentó,nos sentamos,se sentaron,
sentarse__imperfecto,266,sentarse,sentar,imperfecto,Imperfecto,regular,ar,sí,regular,sí,me sentaba,te sentabas,se sentaba,nos sentábamos,se sentaban,
sentarse__futuro,266,sentarse,sentar,futuro,Futuro,regular,ar,sí,regular,sí,me sentaré,te sentarás,se sentará,nos sentaremos,se sentarán,
sentarse__condicional,266,sentarse,sentar,condicional,Condicional,regular,ar,sí,regular,sí,me sentaría,te sentarías,se sentaría,nos sentaríamos,se sentarían,
sentarse__presente_subjuntivo,266,sentarse,sentar,presente_subjuntivo,Presente de subjuntivo,irregular,ar,sí,e→ie,sí,me siente,te sientes,se siente,nos sentemos,se sienten,
sentarse__imperfecto_subjuntivo,266,sentarse,sentar,imperfecto_subjuntivo,Imperfecto de subjuntivo,regular,ar,sí,regular,sí,me sentara,te sentaras,se sentara,nos sentáramos,se sentaran,
sentarse__imperativo,266,sentarse,sentar,imperativo,Imperativo,irregular,ar,sí,e→ie,sí,,siéntate / no te sientes,siéntese / no se siente,sentémonos / no nos sentemos,siéntense / no se sienten,
perderse__presente_indicativo,269,perderse,perder,presente_indicativo,Presente,irregular,er,sí,e→ie,sí,me pierdo,te pierdes,se pierde,nos perdemos,se pierden,
perderse__preterito,269,perderse,perder,preterito,Pretérito,regular,er,sí,regular,sí,me perdí,te perdiste,se perdió,nos perdimos,se perdieron,
perderse__imperfecto,269,perderse,perder,imperfecto,Imperfecto,regular,er,sí,regular,sí,me perdía,te perdías,se perdía,nos perdíamos,se perdían,
perderse__futuro,269,perderse,perder,futuro,Futuro,regular,er,sí,regular,sí,me perderé,te perderás,se perderá,nos perderemos,se perderán,
perderse__condicional,269,perderse,perder,condicional,Condicional,regular,er,sí,regular,sí,me perdería,te perderías,se perdería,nos perderíamos,se perderían,
perderse__presente_subjuntivo,269,perderse,perder,presente_subjuntivo,Presente de subjuntivo,irregular,er,sí,e→ie,sí,me pierda,te pierdas,se pierda,nos perdamos,se pierdan,
perderse__imperfecto_subjuntivo,269,perderse,perder,imperfecto_subjuntivo,Imperfecto de subjuntivo,regular,er,sí,regular,sí,me perdiera,te perdieras,se perdiera,nos perdiéramos,se perdieran,
perderse__imperativo,269,perderse,perder,imperativo,Imperativo,irregular,er,sí,e→ie,sí,,piérdete / no te pierdas,piérdase / no se pierda,perdámonos / no nos perdamos,piérdanse / no se pierdan,
utilizar__presente_indicativo,272,utilizar,utilizar,presente_indicativo,Presente,regular,ar,no,regular,sí,utilizo,utilizas,utiliza,utilizamos,utilizan,
utilizar__preterito,272,utilizar,utilizar,preterito,Pretérito,irregular,ar,no,cambio ortográfico,sí,utilicé,utilizaste,utilizó,utilizamos,utilizaron,
utilizar__imperfecto,272,utilizar,utilizar,imperfecto,Imperfecto,regular,ar,no,regular,sí,utilizaba,utilizabas,utilizaba,utilizábamos,utilizaban,
utilizar__futuro,272,utilizar,utilizar,futuro,Futuro,regular,ar,no,regular,sí,utilizaré,utilizarás,utilizará,utilizaremos,utilizarán,
utilizar__condicional,272,utilizar,utilizar,condicional,Condicional,regular,ar,no,regular,sí,utilizaría,utilizarías,utilizaría,utilizaríamos,utilizarían,
utilizar__presente_subjuntivo,272,utilizar,utilizar,presente_subjuntivo,Presente de subjuntivo,irregular,ar,no,cambio ortográfico,sí,utilice,utilices,utilice,utilicemos,utilicen,
utilizar__imperfecto_subjuntivo,272,utilizar,utilizar,imperfecto_subjuntivo,Imperfecto de subjuntivo,regular,ar,no,regular,sí,utilizara,utilizaras,utilizara,utilizáramos,utilizaran,
utilizar__imperativo,272,utilizar,utilizar,imperativo,Imperativo,irregular,ar,no,cambio ortográfico,sí,,utiliza / no utilices,utilice / no utilice,utilicemos / no utilicemos,utilicen / no utilicen,
acordar__presente_indicativo,279,acordar,acordar,presente_indicativo,Presente,irregular,ar,no,o→ue,sí,acuerdo,acuerdas,acuerda,acordamos,acuerdan,
acordar__preterito,279,acordar,acordar,preterito,Pretérito,regular,ar,no,regular,sí,acordé,acordaste,acordó,acordamos,acordaron,
acordar__imperfecto,279,acordar,acordar,imperfecto,Imperfecto,regular,ar,no,regular,sí,acordaba,acordabas,acordaba,acordábamos,acordaban,
acordar__futuro,279,acordar,acordar,futuro,Futuro,regular,ar,no,regular,sí,acordaré,acordarás,acordará,acordaremos,acordarán,
acordar__condicional,279,acordar,acordar,condicional,Condicional,regular,ar,no,regular,sí,acordaría,acordarías,acordaría,acordaríamos,acordarían,
acordar__presente_subjuntivo,279,acordar,acordar,presente_subjuntivo,Presente de subjuntivo,irregular,ar,no,o→ue,sí,acuerde,acuerdes,acuerde,acordemos,acuerden,
acordar__imperfecto_subjuntivo,279,acordar,acordar,imperfecto_subjuntivo,Imperfecto de subjuntivo,regular,ar,no,regular,sí,acordara,acordaras,acordara,acordáramos,acordaran,
acordar__imperativo,279,acordar,acordar,imperativo,Imperativo,irregular,ar,no,o→ue,sí,,acuerda / no acuerdes,acuerde / no acuerde,acordemos / no acordemos,acuerden / no acuerden,
sonar__presente_indicativo,284,sonar,sonar,presente_indicativo,Presente,irregular,ar,no,o→ue,sí,sueno,suenas,suena,sonamos,suenan,
sonar__preterito,284,sonar,sonar,preterito,Pretérito,regular,ar,no,regular,sí,soné,sonaste,sonó,sonamos,sonaron,
sonar__imperfecto,284,sonar,sonar,imperfecto,Imperfecto,regular,ar,no,regular,sí,sonaba,sonabas,sonaba,sonábamos,sonaban,
sonar__futuro,284,sonar,sonar,futuro,Futuro,regular,ar,no,regular,sí,sonaré,sonarás,sonará,sonaremos,sonarán,
sonar__condicional,284,sonar,sonar,condicional,Condicional,regular,ar,no,regular,sí,sonaría,sonarías,sonaría,sonaríamos,sonarían,
sonar__presente_subjuntivo,284,sonar,sonar,presente_subjuntivo,Presente de subjuntivo,irregular,ar,no,o→ue,sí,suene,suenes,suene,sonemos,suenen,
sonar__imperfecto_subjuntivo,284,sonar,sonar,imperfecto_subjuntivo,Imperfecto de subjuntivo,regular,ar,no,regular,sí,sonara,sonaras,sonara,sonáramos,sonaran,
sonar__imperativo,284,sonar,sonar,imperativo,Imperativo,irregular,ar,no,o→ue,sí,,suena / no suenes,suene / no suene,sonemos / no sonemos,suenen / no suenen,
doler__presente_indicativo,285,doler,doler,presente_indicativo,Presente,irregular,er,no,o→ue,sí,duelo,dueles,duele,dolemos,duelen,
doler__preterito,285,doler,doler,preterito,Pretérito,regular,er,no,regular,sí,dolí,doliste,dolió,dolimos,dolieron,
doler__imperfecto,285,doler,doler,imperfecto,Imperfecto,regular,er,no,regular,sí,dolía,dolías,dolía,dolíamos,dolían,
doler__futuro,285,doler,doler,futuro,Futuro,regular,er,no,regular,sí,doleré,dolerás,dolerá,doleremos,dolerán,
doler__condicional,285,doler,doler,condicional,Condicional,regular,er,no,regular,sí,dolería,dolerías,dolería,doleríamos,dolerían,
doler__presente_subjuntivo,285,doler,doler,presente_subjuntivo,Presente de subjuntivo,irregular,er,no,o→ue,sí,duela,duelas,duela,dolamos,duelan,
doler__imperfecto_subjuntivo,285,doler,doler,imperfecto_subjuntivo,Imperfecto de subjuntivo,regular,er,no,regular,sí,doliera,dolieras,doliera,doliéramos,dolieran,
doler__imperativo,285,doler,doler,imperativo,Imperativo,irregular,er,no,o→ue,sí,,duele / no duelas,duela / no duela,dolamos / no dolamos,duelan / no duelan,
abrazar__presente_indicativo,287,abrazar,abrazar,presente_indicativo,Presente,regular,ar,no,regular,sí,abrazo,abrazas,abraza,abrazamos,abrazan,
abrazar__preterito,287,abrazar,abrazar,preterito,Pretérito,irregular,ar,no,cambio ortográfico,sí,abracé,abrazaste,abrazó,abrazamos,abrazaron,
abrazar__imperfecto,287,abrazar,abrazar,imperfecto,Imperfecto,regular,ar,no,regular,sí,abrazaba,abrazabas,abrazaba,abrazábamos,abrazaban,
abrazar__futuro,287,abrazar,abrazar,futuro,Futuro,regular,ar,no,regular,sí,abrazaré,abrazarás,abrazará,abrazaremos,abrazarán,
abrazar__condicional,287,abrazar,abrazar,condicional,Condicional,regular,ar,no,regular,sí,abrazaría,abrazarías,abrazaría,abrazaríamos,abrazarían,
abrazar__presente_subjuntivo,287,abrazar,abrazar,presente_subjuntivo,Presente de subjuntivo,irregular,ar,no,cambio ortográfico,sí,abrace,abraces,abrace,abracemos,abracen,
abrazar__imperfecto_subjuntivo,287,abrazar,abrazar,imperfecto_subjuntivo,Imperfecto de subjuntivo,regular,ar,no,regular,sí,abrazara,abrazaras,abrazara,abrazáramos,abrazaran,
abrazar__imperativo,287,abrazar,abrazar,imperativo,Imperativo,irregular,ar,no,cambio ortográfico,sí,,abraza / no abraces,abrace / no abrace,abracemos / no abracemos,abracen / no abracen,
investigar__presente_indicativo,288,investigar,investigar,presente_indicativo,Presente,regular,ar,no,regular,sí,investigo,investigas,investiga,investigamos,investigan,
investigar__preterito,288,investigar,investigar,preterito,Pretérito,irregular,ar,no,cambio ortográfico,sí,investigué,investigaste,investigó,investigamos,investigaron,
investigar__imperfecto,288,investigar,investigar,imperfecto,Imperfecto,regular,ar,no,regular,sí,investigaba,investigabas,investigaba,investigábamos,investigaban,
investigar__futuro,288,investigar,investigar,futuro,Futuro,regular,ar,no,regular,sí,investigaré,investigarás,investigará,investigaremos,investigarán,
investigar__condicional,288,investigar,investigar,condicional,Condicional,regular,ar,no,regular,sí,investigaría,investigarías,investigaría,investigaríamos,investigarían,
investigar__presente_subjuntivo,288,investigar,investigar,presente_subjuntivo,Presente de subjuntivo,irregular,ar,no,cambio ortográfico,sí,investigue,investigues,investigue,investiguemos,investiguen,
investigar__imperfecto_subjuntivo,288,investigar,investigar,imperfecto_subjuntivo,Imperfecto de subjuntivo,regular,ar,no,regular,sí,investigara,investigaras,investigara,investigáramos,investigaran,
investigar__imperativo,288,investigar,investigar,imperativo,Imperativo,irregular,ar,no,cambio ortográfico,sí,,investiga / no investigues,investigue / no investigue,investiguemos / no investiguemos,investiguen / no investiguen,
agradecer__presente_indicativo,292,agradecer,agradecer,presente_indicativo,Presente,irregular,er,no,yo→-zco,sí,agradezco,agradeces,agradece,agradecemos,agradecen,
agradecer__preterito,292,agradecer,agradecer,preterito,Pretérito,regular,er,no,regular,sí,agradecí,agradeciste,agradeció,agradecimos,agradecieron,
agradecer__imperfecto,292,agradecer,agradecer,imperfecto,Imperfecto,regular,er,no,regular,sí,agradecía,agradecías,agradecía,agradecíamos,agradecían,
agradecer__futuro,292,agradecer,agradecer,futuro,Futuro,regular,er,no,regular,sí,agradeceré,agradecerás,agradecerá,agradeceremos,agradecerán,
agradecer__condicional,292,agradecer,agradecer,condicional,Condicional,regular,er,no,regular,sí,agradecería,agradecerías,agradecería,agradeceríamos,agradecerían,
agradecer__presente_subjuntivo,292,agradecer,agradecer,presente_subjuntivo,Presente de subjuntivo,irregular,er,no,yo irregular,sí,agradezca,agradezcas,agradezca,agradezcamos,agradezcan,
agradecer__imperfecto_subjuntivo,292,agradecer,agradecer,imperfecto_subjuntivo,Imperfecto de subjuntivo,regular,er,no,regular,sí,agradeciera,agradecieras,agradeciera,agradeciéramos,agradecieran,
agradecer__imperativo,292,agradecer,agradecer,imperativo,Imperativo,irregular,er,no,-cer→-zc-,sí,,agradece / no agradezcas,agradezca / no agradezca,agradezcamos / no agradezcamos,agradezcan / no agradezcan,
despertarse__presente_indicativo,293,despertarse,despertar,presente_indicativo,Presente,irregular,ar,sí,e→ie,sí,me despierto,te despiertas,se despierta,nos despertamos,se despiertan,
despertarse__preterito,293,despertarse,despertar,preterito,Pretérito,regular,ar,sí,regular,sí,me desperté,te despertaste,se despertó,nos despertamos,se despertaron,
despertarse__imperfecto,293,despertarse,despertar,imperfecto,Imperfecto,regular,ar,sí,regular,sí,me despertaba,te despertabas,se despertaba,nos despertábamos,se despertaban,
despertarse__futuro,293,despertarse,despertar,futuro,Futuro,regular,ar,sí,regular,sí,me despertaré,te despertarás,se despertará,nos despertaremos,se despertarán,
despertarse__condicional,293,despertarse,despertar,condicional,Condicional,regular,ar,sí,regular,sí,me despertaría,te despertarías,se despertaría,nos despertaríamos,se despertarían,
despertarse__presente_subjuntivo,293,despertarse,despertar,presente_subjuntivo,Presente de subjuntivo,irregular,ar,sí,e→ie,sí,me despierte,te despiertes,se despierte,nos despertemos,se despierten,
despertarse__imperfecto_subjuntivo,293,despertarse,despertar,imperfecto_subjuntivo,Imperfecto de subjuntivo,regular,ar,sí,regular,sí,me despertara,te despertaras,se despertara,nos despertáramos,se despertaran,
despertarse__imperativo,293,despertarse,despertar,imperativo,Imperativo,irregular,ar,sí,e→ie,sí,,despiértate / no te despiertes,despiértese / no se despierte,despertémonos / no nos despertemos,despiértense / no se despierten,
oler__presente_indicativo,295,oler,oler,presente_indicativo,Presente,irregular,er,no,o→ue,sí,huelo,hueles,huele,olemos,huelen,
oler__preterito,295,oler,oler,preterito,Pretérito,regular,er,no,regular,sí,olí,oliste,olió,olimos,olieron,
oler__imperfecto,295,oler,oler,imperfecto,Imperfecto,regular,er,no,regular,sí,olía,olías,olía,olíamos,olían,
oler__futuro,295,oler,oler,futuro,Futuro,regular,er,no,regular,sí,oleré,olerás,olerá,oleremos,olerán,
oler__condicional,295,oler,oler,condicional,Condicional,regular,er,no,regular,sí,olería,olerías,olería,oleríamos,olerían,
oler__presente_subjuntivo,295,oler,oler,presente_subjuntivo,Presente de subjuntivo,irregular,er,no,o→ue,sí,huela,huelas,huela,olamos,huelan,
oler__imperfecto_subjuntivo,295,oler,oler,imperfecto_subjuntivo,Imperfecto de subjuntivo,regular,er,no,regular,sí,oliera,olieras,oliera,oliéramos,olieran,
oler__imperativo,295,oler,oler,imperativo,Imperativo,irregular,er,no,o→ue,sí,,huele / no huelas,huela / no huela,olamos / no olamos,huelan / no huelan,
enviar__presente_indicativo,300,enviar,enviar,presente_indicativo,Presente,irregular,ar,no,muy irregular,sí,envío,envías,envía,enviamos,envían,
enviar__preterito,300,enviar,enviar,preterito,Pretérito,regular,ar,no,regular,sí,envié,enviaste,envió,enviamos,enviaron,
enviar__imperfecto,300,enviar,enviar,imperfecto,Imperfecto,regular,ar,no,regular,sí,enviaba,enviabas,enviaba,enviábamos,enviaban,
enviar__futuro,300,enviar,enviar,futuro,Futuro,regular,ar,no,regular,sí,enviaré,enviarás,enviará,enviaremos,enviarán,
enviar__condicional,300,enviar,enviar,condicional,Condicional,regular,ar,no,regular,sí,enviaría,enviarías,enviaría,enviaríamos,enviarían,
enviar__presente_subjuntivo,300,enviar,enviar,presente_subjuntivo,Presente de subjuntivo,irregular,ar,no,muy irregular,sí,envíe,envíes,envíe,enviemos,envíen,
enviar__imperfecto_subjuntivo,300,enviar,enviar,imperfecto_subjuntivo,Imperfecto de subjuntivo,regular,ar,no,regular,sí,enviara,enviaras,enviara,enviáramos,enviaran,
enviar__imperativo,300,enviar,enviar,imperativo,Imperativo,irregular,ar,no,muy irregular,sí,,envía / no envíes,envíe / no envíe,enviemos / no enviemos,envíen / no envíen,
construir__presente_indicativo,,construir,construir,presente_indicativo,Presente,irregular,ir,no,-uir→y,sí,construyo,construyes,construye,construimos,construyen,
construir__preterito,,construir,construir,preterito,Pretérito,irregular,ir,no,i→y,sí,construí,construiste,construyó,construimos,construyeron,
construir__imperfecto,,construir,construir,imperfecto,Imperfecto,regular,ir,no,regular,sí,construía,construías,construía,construíamos,construían,
construir__futuro,,construir,construir,futuro,Futuro,regular,ir,no,regular,sí,construiré,construirás,construirá,construiremos,construirán,
construir__condicional,,construir,construir,condicional,Condicional,regular,ir,no,regular,sí,construiría,construirías,construiría,construiríamos,construirían,
construir__presente_subjuntivo,,construir,construir,presente_subjuntivo,Presente de subjuntivo,irregular,ir,no,-uir→y,sí,construya,construyas,construya,construyamos,construyan,
construir__imperfecto_subjuntivo,,construir,construir,imperfecto_subjuntivo,Imperfecto de subjuntivo,irregular,ir,no,i→y,sí,construyera,construyeras,construyera,construyéramos,construyeran,
construir__imperativo,,construir,construir,imperativo,Imperativo,irregular,ir,no,-uir→y,sí,,construye / no construyas,construya / no construya,construyamos / no construyamos,construyan / no construyan,
incluir__presente_indicativo,,incluir,incluir,presente_indicativo,Presente,irregular,ir,no,-uir→y,sí,incluyo,incluyes,incluye,incluimos,incluyen,
incluir__preterito,,incluir,incluir,preterito,Pretérito,irregular,ir,no,i→y,sí,incluí,incluiste,incluyó,incluimos,incluyeron,
incluir__imperfecto,,incluir,incluir,imperfecto,Imperfecto,regular,ir,no,regular,sí,incluía,incluías,incluía,incluíamos,incluían,
incluir__futuro,,incluir,incluir,futuro,Futuro,regular,ir,no,regular,sí,incluiré,incluirás,incluirá,incluiremos,incluirán,
incluir__condicional,,incluir,incluir,condicional,Condicional,regular,ir,no,regular,sí,incluiría,incluirías,incluiría,incluiríamos,incluirían,
incluir__presente_subjuntivo,,incluir,incluir,presente_subjuntivo,Presente de subjuntivo,irregular,ir,no,-uir→y,sí,incluya,incluyas,incluya,incluyamos,incluyan,
incluir__imperfecto_subjuntivo,,incluir,incluir,imperfecto_subjuntivo,Imperfecto de subjuntivo,irregular,ir,no,i→y,sí,incluyera,incluyeras,incluyera,incluyéramos,incluyeran,
incluir__imperativo,,incluir,incluir,imperativo,Imperativo,irregular,ir,no,-uir→y,sí,,incluye / no incluyas,incluya / no incluya,incluyamos / no incluyamos,incluyan / no incluyan,
conducir__presente_indicativo,,conducir,conducir,presente_indicativo,Presente,irregular,ir,no,yo→-zco,sí,conduzco,conduces,conduce,conducimos,conducen,
conducir__preterito,,conducir,conducir,preterito,Pretérito,irregular,ir,no,raíz en j,sí,conduje,condujiste,condujo,condujimos,condujeron,
conducir__imperfecto,,conducir,conducir,imperfecto,Imperfecto,regular,ir,no,regular,sí,conducía,conducías,conducía,conducíamos,conducían,
conducir__futuro,,conducir,conducir,futuro,Futuro,regular,ir,no,regular,sí,conduciré,conducirás,conducirá,conduciremos,conducirán,
conducir__condicional,,conducir,conducir,condicional,Condicional,regular,ir,no,regular,sí,conduciría,conducirías,conduciría,conduciríamos,conducirían,
conducir__presente_subjuntivo,,conducir,conducir,presente_subjuntivo,Presente de subjuntivo,irregular,ir,no,yo irregular,sí,conduzca,conduzcas,conduzca,conduzcamos,conduzcan,
conducir__imperfecto_subjuntivo,,conducir,conducir,imperfecto_subjuntivo,Imperfecto de subjuntivo,irregular,ir,no,raíz en j,sí,condujera,condujeras,condujera,condujéramos,condujeran,
conducir__imperativo,,conducir,conducir,imperativo,Imperativo,irregular,ir,no,-ucir→-uzc-,sí,,conduce / no conduzcas,conduzca / no conduzca,conduzcamos / no conduzcamos,conduzcan / no conduzcan,
